folder name,file name,lifelines,messages,nesting_depth,cyclomatic_complexity,cohesion,coupling,completeness,clarity
US GPT4,091_racdam_7.txt,2,12,0,14,Medium/Low,High,Incomplete (missing responses),Medium/Low
US GPT4,042_alfred_113.txt,3,8,0,10,Medium/Low,High,Incomplete (missing responses),Medium/Low
US GPT4,061_datahub_53.txt,3,4,0,6,High,High,Incomplete (missing responses),Medium/Low
US GPT4,008_Library_Management_System_220.txt,1,5,0,7,High,Medium/Low,Incomplete (missing responses),Medium/Low
US GPT4,072_frictionless_32.txt,4,5,0,7,High,High,Incomplete (missing responses),Medium/Low
US GPT4,086_openspending_49.txt,2,7,0,9,Medium/Low,High,Incomplete (missing responses),Medium/Low
US GPT4,067_federalspending_15.txt,0,6,0,8,Medium/Low,Medium/Low,Incomplete (missing responses),Medium/Low
US GPT4,089_planningpoker_7.txt,0,16,0,18,Medium/Low,Medium/Low,Incomplete (missing responses),Medium/Low
US GPT4,053_cask_33.txt,0,7,0,9,Medium/Low,Medium/Low,Incomplete (missing responses),Medium/Low
US GPT4,039_Restaurant_Management_System_73.txt,0,4,0,6,High,Medium/Low,Incomplete (missing responses),Medium/Low
US GPT4,066_duraspace_72.txt,3,10,0,12,Medium/Low,Medium/Low,Incomplete (missing responses),Medium/Low
US GPT4,027_Restaurant_Management_System_227.txt,0,5,0,7,High,Medium/Low,Incomplete (missing responses),Medium/Low
US GPT4,098_unibath_1.txt,0,21,0,23,Medium/Low,Medium/Low,Incomplete (missing responses),Medium/Low
US GPT4,022_Restaurant_Management_System_178.txt,3,4,0,6,High,High,Incomplete (missing responses),Medium/Low
US GPT4,030_Restaurant_Management_System_290.txt,2,4,0,6,High,Medium/Low,Incomplete (missing responses),Medium/Low
US GPT4,081_openspending_12.txt,2,6,0,8,Medium/Low,Medium/Low,Incomplete (missing responses),Medium/Low
US GPT4,034_Restaurant_Management_System_317.txt,3,4,0,6,High,High,Incomplete (missing responses),Medium/Low
US GPT4,049_badcamp_6.txt,3,14,0,17,Medium/Low,Medium/Low,Incomplete (missing responses),Medium/Low
US GPT4,019_Library_Management_System_94.txt,3,10,0,12,Medium/Low,Medium/Low,Incomplete (missing responses),Medium/Low
US GPT4,059_culrepo_70.txt,3,8,0,10,Medium/Low,High,Incomplete (missing responses),Medium/Low
US GPT4,031_Restaurant_Management_System_300.txt,1,4,0,6,High,Medium/Low,Incomplete (missing responses),Medium/Low
US GPT4,012_Library_Management_System_298.txt,0,4,0,6,High,Medium/Low,Incomplete (missing responses),Medium/Low
US GPT4,047_archivesspace_47.txt,2,12,0,14,Medium/Low,Medium/Low,Incomplete (missing responses),Medium/Low
US GPT4,060_culrepo_91.txt,3,10,0,12,Medium/Low,Medium/Low,Incomplete (missing responses),Medium/Low
US GPT4,071_frictionless_2.txt,3,8,0,10,Medium/Low,Medium/Low,Incomplete (missing responses),Medium/Low
US GPT4,044_alfred_58.txt,4,5,0,7,High,Medium/Low,Incomplete (missing responses),Medium/Low
US GPT4,036_Restaurant_Management_System_323.txt,3,8,0,10,Medium/Low,Medium/Low,Incomplete (missing responses),Medium/Low
US GPT4,065_duraspace_68.txt,3,4,0,6,High,High,Incomplete (missing responses),Medium/Low
US GPT4,069_federalspending_74.txt,0,4,0,6,High,Medium/Low,Incomplete (missing responses),Medium/Low
US GPT4,026_Restaurant_Management_System_222.txt,2,4,0,6,High,Medium/Low,Incomplete (missing responses),Medium/Low
US GPT4,068_federalspending_68.txt,5,8,0,11,Medium/Low,Medium/Low,Incomplete (missing responses),Medium/Low
US GPT4,054_cask_42.txt,4,11,0,13,Medium/Low,Medium/Low,Incomplete (missing responses),Medium/Low
US GPT4,064_duraspace_64.txt,0,12,0,14,Medium/Low,Medium/Low,Incomplete (missing responses),Medium/Low
US GPT4,005_Library_Management_System_165.txt,0,8,0,10,Medium/Low,Medium/Low,Incomplete (missing responses),Medium/Low
US GPT4,080_neurohub_9.txt,0,14,0,16,Medium/Low,Medium/Low,Incomplete (missing responses),Medium/Low
US GPT4,009_Library_Management_System_229.txt,1,4,0,6,High,Medium/Low,Incomplete (missing responses),Medium/Low
US GPT4,017_Library_Management_System_357.txt,3,5,0,8,High,High,Incomplete (missing responses),Medium/Low
US GPT4,004_Library_Management_System_119.txt,3,9,0,11,Medium/Low,High,Incomplete (missing responses),Medium/Low
US GPT4,003_Library_Management_System_115.txt,1,13,0,15,Medium/Low,Medium/Low,Incomplete (missing responses),Medium/Low
US GPT4,099_unibath_26.txt,3,8,0,10,Medium/Low,High,Incomplete (missing responses),Medium/Low
US GPT4,024_Restaurant_Management_System_199.txt,1,4,0,6,High,Medium/Low,Incomplete (missing responses),Medium/Low
US GPT4,093_rdadmp_14.txt,3,6,0,8,Medium/Low,Medium/Low,Incomplete (missing responses),Medium/Low
US GPT4,052_cask_32.txt,0,11,0,13,Medium/Low,Medium/Low,Incomplete (missing responses),Medium/Low
US GPT4,076_mis_53.txt,0,8,0,11,Medium/Low,Medium/Low,Incomplete (missing responses),Medium/Low
US GPT4,043_alfred_39.txt,3,6,0,8,Medium/Low,High,Incomplete (missing responses),Medium/Low
US GPT4,018_Library_Management_System_85.txt,3,10,0,12,Medium/Low,High,Incomplete (missing responses),Medium/Low
US GPT4,085_openspending_46.txt,2,5,0,7,High,Medium/Low,Incomplete (missing responses),Medium/Low
US GPT4,095_scrumalliance_47.txt,3,12,0,14,Medium/Low,High,Incomplete (missing responses),Medium/Low
US GPT4,090_racdam_4.txt,2,4,0,6,High,High,Incomplete (missing responses),Medium/Low
US GPT4,100_zooniverse_27.txt,4,9,0,11,Medium/Low,Medium/Low,Incomplete (missing responses),Medium/Low
US GPT4,041_alfred_107.txt,3,4,0,6,High,Medium/Low,Incomplete (missing responses),Medium/Low
US GPT4,023_Restaurant_Management_System_189.txt,0,5,0,7,High,Medium/Low,Incomplete (missing responses),Medium/Low
US GPT4,048_badcamp_42.txt,2,6,0,8,Medium/Low,Medium/Low,Incomplete (missing responses),Medium/Low
US GPT4,083_openspending_36.txt,0,1,0,3,High,Medium/Low,Incomplete (missing responses),Medium/Low
US GPT4,096_scrumalliance_60.txt,0,7,0,9,Medium/Low,Medium/Low,Incomplete (missing responses),Medium/Low
US GPT4,001_Library_Management_System_106.txt,0,12,0,14,Medium/Low,Medium/Low,Incomplete (missing responses),Medium/Low
US GPT4,097_scrumalliance_87.txt,2,4,0,6,High,High,Incomplete (missing responses),Medium/Low
US GPT4,016_Library_Management_System_333.txt,0,11,0,14,Medium/Low,Medium/Low,Incomplete (missing responses),Medium/Low
US GPT4,051_cask_20.txt,3,16,0,18,Medium/Low,Medium/Low,Incomplete (missing responses),Medium/Low
US GPT4,032_Restaurant_Management_System_304.txt,1,4,0,6,High,Medium/Low,Incomplete (missing responses),Medium/Low
US GPT4,028_Restaurant_Management_System_282.txt,0,8,0,10,Medium/Low,Medium/Low,Incomplete (missing responses),Medium/Low
US GPT4,050_badcamp_65.txt,2,3,0,5,High,High,Incomplete (missing responses),Medium/Low
US GPT4,007_Library_Management_System_181.txt,3,12,0,14,Medium/Low,Medium/Low,Incomplete (missing responses),Medium/Low
US GPT4,045_alfred_72.txt,3,8,0,10,Medium/Low,High,Incomplete (missing responses),Medium/Low
US GPT4,013_Library_Management_System_308.txt,0,14,0,16,Medium/Low,Medium/Low,Incomplete (missing responses),Medium/Low
US GPT4,020_Restaurant_Management_System_136.txt,2,8,0,10,Medium/Low,Medium/Low,Incomplete (missing responses),Medium/Low
US GPT4,029_Restaurant_Management_System_287.txt,0,5,0,7,High,Medium/Low,Incomplete (missing responses),Medium/Low
US GPT4,014_Library_Management_System_312.txt,0,6,0,8,Medium/Low,Medium/Low,Incomplete (missing responses),Medium/Low
US GPT4,015_Library_Management_System_318.txt,0,12,0,14,Medium/Low,Medium/Low,Incomplete (missing responses),Medium/Low
US GPT4,084_openspending_37.txt,0,8,0,10,Medium/Low,Medium/Low,Incomplete (missing responses),Medium/Low
US GPT4,035_Restaurant_Management_System_319.txt,3,4,0,6,High,High,Incomplete (missing responses),Medium/Low
US GPT4,021_Restaurant_Management_System_161.txt,3,11,0,13,Medium/Low,High,Incomplete (missing responses),Medium/Low
US GPT4,088_planningpoker_2.txt,2,7,0,9,Medium/Low,Medium/Low,Incomplete (missing responses),Medium/Low
US GPT4,077_mis_65.txt,3,8,0,10,Medium/Low,High,Incomplete (missing responses),Medium/Low
US GPT4,055_cask_9.txt,2,12,0,14,Medium/Low,High,Incomplete (missing responses),Medium/Low
US GPT4,079_neurohub_20.txt,0,4,0,6,High,Medium/Low,Incomplete (missing responses),Medium/Low
US GPT4,073_mis_11.txt,0,6,0,8,Medium/Low,Medium/Low,Incomplete (missing responses),Medium/Low
US GPT4,092_racdam_71.txt,1,5,0,7,High,Medium/Low,Incomplete (missing responses),Medium/Low
US GPT4,078_neurohub_101.txt,3,12,0,14,Medium/Low,High,Incomplete (missing responses),Medium/Low
US GPT4,006_Library_Management_System_172.txt,2,9,0,12,Medium/Low,Medium/Low,Incomplete (missing responses),Medium/Low
US GPT4,062_datahub_57.txt,3,11,0,13,Medium/Low,Medium/Low,Incomplete (missing responses),Medium/Low
US GPT4,011_Library_Management_System_291.txt,0,4,0,6,High,Medium/Low,Incomplete (missing responses),Medium/Low
US GPT4,046_alfred_89.txt,2,6,0,8,Medium/Low,High,Incomplete (missing responses),Medium/Low
US GPT4,063_duraspace_27.txt,0,14,0,16,Medium/Low,Medium/Low,Incomplete (missing responses),Medium/Low
US GPT4,037_Restaurant_Management_System_339.txt,1,11,0,14,Medium/Low,Medium/Low,Incomplete (missing responses),Medium/Low
US GPT4,010_Library_Management_System_289.txt,1,4,0,6,High,Medium/Low,Incomplete (missing responses),Medium/Low
US GPT4,056_culrepo_19.txt,2,4,0,6,High,Medium/Low,Incomplete (missing responses),Medium/Low
US GPT4,057_culrepo_22.txt,0,4,0,6,High,Medium/Low,Incomplete (missing responses),Medium/Low
US GPT4,025_Restaurant_Management_System_201.txt,2,4,0,6,High,Medium/Low,Incomplete (missing responses),Medium/Low
US GPT4,087_planningpoker_18.txt,4,9,0,11,Medium/Low,High,Incomplete (missing responses),Medium/Low
US GPT4,058_culrepo_3.txt,2,15,0,18,Medium/Low,High,Incomplete (missing responses),Medium/Low
US GPT4,002_Library_Management_System_113.txt,2,6,0,8,Medium/Low,Medium/Low,Incomplete (missing responses),Medium/Low
US GPT4,075_mis_30.txt,2,7,0,9,Medium/Low,High,Incomplete (missing responses),Medium/Low
US GPT4,094_rdadmp_43.txt,2,6,0,8,Medium/Low,Medium/Low,Incomplete (missing responses),Medium/Low
US GPT4,033_Restaurant_Management_System_31.txt,3,5,0,7,High,Medium/Low,Incomplete (missing responses),Medium/Low
US GPT4,074_mis_27.txt,1,8,0,10,Medium/Low,Medium/Low,Incomplete (missing responses),Medium/Low
US GPT4,038_Restaurant_Management_System_340.txt,3,4,0,6,High,High,Incomplete (missing responses),Medium/Low
US GPT4,040_alfred_106.txt,1,4,0,6,High,Medium/Low,Incomplete (missing responses),Medium/Low
US GPT4,070_frictionless_18.txt,0,4,0,6,High,Medium/Low,Incomplete (missing responses),Medium/Low
US GPT4,082_openspending_14.txt,1,13,0,15,Medium/Low,Medium/Low,Incomplete (missing responses),Medium/Low
US GPT4 Turbo,091_racdam_7.txt,3,9,0,12,Medium/Low,Medium/Low,Incomplete (missing responses),Medium/Low
US GPT4 Turbo,042_alfred_113.txt,5,25,0,27,Medium/Low,Medium/Low,Incomplete (missing responses),Medium/Low
US GPT4 Turbo,061_datahub_53.txt,3,15,0,17,Medium/Low,Medium/Low,Incomplete (missing responses),Medium/Low
US GPT4 Turbo,008_Library_Management_System_220.txt,4,6,0,8,Medium/Low,High,Incomplete (missing responses),Medium/Low
US GPT4 Turbo,072_frictionless_32.txt,3,8,0,10,Medium/Low,High,Incomplete (missing responses),Medium/Low
US GPT4 Turbo,086_openspending_49.txt,4,6,0,8,Medium/Low,High,Incomplete (missing responses),Medium/Low
US GPT4 Turbo,067_federalspending_15.txt,6,11,0,14,Medium/Low,High,Incomplete (missing responses),Medium/Low
US GPT4 Turbo,089_planningpoker_7.txt,3,12,0,14,Medium/Low,Medium/Low,Incomplete (missing responses),Medium/Low
US GPT4 Turbo,053_cask_33.txt,6,12,0,14,Medium/Low,High,Incomplete (missing responses),Medium/Low
US GPT4 Turbo,039_Restaurant_Management_System_73.txt,2,6,0,8,Medium/Low,Medium/Low,Incomplete (missing responses),Medium/Low
US GPT4 Turbo,066_duraspace_72.txt,4,15,0,17,Medium/Low,High,Incomplete (missing responses),Medium/Low
US GPT4 Turbo,027_Restaurant_Management_System_227.txt,3,6,0,8,Medium/Low,High,Incomplete (missing responses),Medium/Low
US GPT4 Turbo,098_unibath_1.txt,5,25,0,27,Medium/Low,High,Incomplete (missing responses),Medium/Low
US GPT4 Turbo,022_Restaurant_Management_System_178.txt,4,6,0,8,Medium/Low,High,Incomplete (missing responses),Medium/Low
US GPT4 Turbo,030_Restaurant_Management_System_290.txt,4,6,0,8,Medium/Low,High,Incomplete (missing responses),Medium/Low
US GPT4 Turbo,081_openspending_12.txt,4,15,0,17,Medium/Low,Medium/Low,Incomplete (missing responses),Medium/Low
US GPT4 Turbo,034_Restaurant_Management_System_317.txt,2,7,0,10,Medium/Low,Medium/Low,Incomplete (missing responses),Medium/Low
US GPT4 Turbo,049_badcamp_6.txt,4,10,0,13,Medium/Low,High,Incomplete (missing responses),Medium/Low
US GPT4 Turbo,019_Library_Management_System_94.txt,3,8,0,10,Medium/Low,Medium/Low,Incomplete (missing responses),Medium/Low
US GPT4 Turbo,059_culrepo_70.txt,4,12,0,14,Medium/Low,High,Incomplete (missing responses),Medium/Low
US GPT4 Turbo,031_Restaurant_Management_System_300.txt,3,9,0,12,Medium/Low,Medium/Low,Incomplete (missing responses),Medium/Low
US GPT4 Turbo,012_Library_Management_System_298.txt,4,8,0,11,Medium/Low,Medium/Low,Incomplete (missing responses),Medium/Low
US GPT4 Turbo,047_archivesspace_47.txt,3,23,0,25,Medium/Low,Medium/Low,Incomplete (missing responses),Medium/Low
US GPT4 Turbo,060_culrepo_91.txt,4,11,0,13,Medium/Low,Medium/Low,Incomplete (missing responses),Medium/Low
US GPT4 Turbo,071_frictionless_2.txt,4,18,0,21,Medium/Low,Medium/Low,Incomplete (missing responses),Medium/Low
US GPT4 Turbo,044_alfred_58.txt,5,9,0,12,Medium/Low,High,Incomplete (missing responses),Medium/Low
US GPT4 Turbo,036_Restaurant_Management_System_323.txt,4,8,0,11,Medium/Low,High,Incomplete (missing responses),Medium/Low
US GPT4 Turbo,065_duraspace_68.txt,5,7,0,10,Medium/Low,High,Incomplete (missing responses),Medium/Low
US GPT4 Turbo,069_federalspending_74.txt,7,16,0,19,Medium/Low,Medium/Low,Incomplete (missing responses),Medium/Low
US GPT4 Turbo,026_Restaurant_Management_System_222.txt,3,8,0,10,Medium/Low,Medium/Low,Incomplete (missing responses),Medium/Low
US GPT4 Turbo,068_federalspending_68.txt,5,10,0,13,Medium/Low,High,Incomplete (missing responses),Medium/Low
US GPT4 Turbo,054_cask_42.txt,4,11,0,14,Medium/Low,Medium/Low,Incomplete (missing responses),Medium/Low
US GPT4 Turbo,064_duraspace_64.txt,4,14,0,17,Medium/Low,Medium/Low,Incomplete (missing responses),Medium/Low
US GPT4 Turbo,005_Library_Management_System_165.txt,5,8,0,10,Medium/Low,High,Incomplete (missing responses),Medium/Low
US GPT4 Turbo,080_neurohub_9.txt,5,16,0,18,Medium/Low,High,Incomplete (missing responses),Medium/Low
US GPT4 Turbo,009_Library_Management_System_229.txt,2,6,0,8,Medium/Low,Medium/Low,Incomplete (missing responses),Medium/Low
US GPT4 Turbo,017_Library_Management_System_357.txt,2,12,0,14,Medium/Low,Medium/Low,Incomplete (missing responses),Medium/Low
US GPT4 Turbo,004_Library_Management_System_119.txt,3,17,0,19,Medium/Low,Medium/Low,Incomplete (missing responses),Medium/Low
US GPT4 Turbo,003_Library_Management_System_115.txt,4,11,0,14,Medium/Low,High,Incomplete (missing responses),Medium/Low
US GPT4 Turbo,099_unibath_26.txt,5,10,0,12,Medium/Low,High,Incomplete (missing responses),Medium/Low
US GPT4 Turbo,024_Restaurant_Management_System_199.txt,3,5,0,7,High,High,Incomplete (missing responses),Medium/Low
US GPT4 Turbo,093_rdadmp_14.txt,4,8,0,10,Medium/Low,High,Incomplete (missing responses),Medium/Low
US GPT4 Turbo,052_cask_32.txt,4,16,0,18,Medium/Low,High,Incomplete (missing responses),Medium/Low
US GPT4 Turbo,076_mis_53.txt,5,15,0,17,Medium/Low,High,Incomplete (missing responses),Medium/Low
US GPT4 Turbo,043_alfred_39.txt,4,11,0,13,Medium/Low,Medium/Low,Incomplete (missing responses),Medium/Low
US GPT4 Turbo,018_Library_Management_System_85.txt,5,14,0,16,Medium/Low,High,Incomplete (missing responses),Medium/Low
US GPT4 Turbo,085_openspending_46.txt,4,10,0,12,Medium/Low,Medium/Low,Incomplete (missing responses),Medium/Low
US GPT4 Turbo,095_scrumalliance_47.txt,3,18,0,20,Medium/Low,High,Incomplete (missing responses),Medium/Low
US GPT4 Turbo,090_racdam_4.txt,5,13,0,15,Medium/Low,High,Incomplete (missing responses),Medium/Low
US GPT4 Turbo,100_zooniverse_27.txt,4,14,0,17,Medium/Low,Medium/Low,Incomplete (missing responses),Medium/Low
US GPT4 Turbo,041_alfred_107.txt,1,18,1,22,Medium/Low,Medium/Low,Incomplete (missing responses),Medium/Low
US GPT4 Turbo,023_Restaurant_Management_System_189.txt,5,8,0,10,Medium/Low,High,Incomplete (missing responses),Medium/Low
US GPT4 Turbo,048_badcamp_42.txt,3,10,0,13,Medium/Low,Medium/Low,Incomplete (missing responses),Medium/Low
US GPT4 Turbo,083_openspending_36.txt,6,10,0,12,Medium/Low,High,Incomplete (missing responses),Medium/Low
US GPT4 Turbo,096_scrumalliance_60.txt,4,8,0,10,Medium/Low,High,Incomplete (missing responses),Medium/Low
US GPT4 Turbo,001_Library_Management_System_106.txt,4,12,0,14,Medium/Low,High,Incomplete (missing responses),Medium/Low
US GPT4 Turbo,097_scrumalliance_87.txt,4,11,0,13,Medium/Low,High,Incomplete (missing responses),Medium/Low
US GPT4 Turbo,016_Library_Management_System_333.txt,4,16,0,18,Medium/Low,Medium/Low,Incomplete (missing responses),Medium/Low
US GPT4 Turbo,051_cask_20.txt,1,9,0,11,Medium/Low,Medium/Low,Incomplete (missing responses),Medium/Low
US GPT4 Turbo,032_Restaurant_Management_System_304.txt,2,6,0,8,Medium/Low,Medium/Low,Incomplete (missing responses),Medium/Low
US GPT4 Turbo,028_Restaurant_Management_System_282.txt,4,12,0,14,Medium/Low,High,Incomplete (missing responses),Medium/Low
US GPT4 Turbo,050_badcamp_65.txt,3,4,0,6,High,High,Incomplete (missing responses),Medium/Low
US GPT4 Turbo,007_Library_Management_System_181.txt,2,7,0,9,Medium/Low,Medium/Low,Incomplete (missing responses),Medium/Low
US GPT4 Turbo,045_alfred_72.txt,4,8,0,10,Medium/Low,Medium/Low,Incomplete (missing responses),Medium/Low
US GPT4 Turbo,013_Library_Management_System_308.txt,4,9,0,11,Medium/Low,Medium/Low,Incomplete (missing responses),Medium/Low
US GPT4 Turbo,020_Restaurant_Management_System_136.txt,2,11,0,14,Medium/Low,Medium/Low,Incomplete (missing responses),Medium/Low
US GPT4 Turbo,029_Restaurant_Management_System_287.txt,2,6,0,8,Medium/Low,Medium/Low,Incomplete (missing responses),Medium/Low
US GPT4 Turbo,014_Library_Management_System_312.txt,6,15,0,18,Medium/Low,High,Incomplete (missing responses),Medium/Low
US GPT4 Turbo,015_Library_Management_System_318.txt,6,18,0,21,Medium/Low,High,Incomplete (missing responses),Medium/Low
US GPT4 Turbo,084_openspending_37.txt,4,11,0,13,Medium/Low,Medium/Low,Incomplete (missing responses),Medium/Low
US GPT4 Turbo,035_Restaurant_Management_System_319.txt,4,6,0,8,Medium/Low,High,Incomplete (missing responses),Medium/Low
US GPT4 Turbo,021_Restaurant_Management_System_161.txt,4,8,0,10,Medium/Low,High,Incomplete (missing responses),Medium/Low
US GPT4 Turbo,088_planningpoker_2.txt,2,6,0,8,Medium/Low,Medium/Low,Incomplete (missing responses),Medium/Low
US GPT4 Turbo,077_mis_65.txt,4,11,0,13,Medium/Low,High,Incomplete (missing responses),Medium/Low
US GPT4 Turbo,055_cask_9.txt,4,8,0,11,Medium/Low,High,Incomplete (missing responses),Medium/Low
US GPT4 Turbo,079_neurohub_20.txt,4,12,0,14,Medium/Low,Medium/Low,Incomplete (missing responses),Medium/Low
US GPT4 Turbo,073_mis_11.txt,3,8,0,10,Medium/Low,Medium/Low,Incomplete (missing responses),Medium/Low
US GPT4 Turbo,092_racdam_71.txt,5,14,0,16,Medium/Low,Medium/Low,Incomplete (missing responses),Medium/Low
US GPT4 Turbo,078_neurohub_101.txt,5,25,0,27,Medium/Low,High,Incomplete (missing responses),Medium/Low
US GPT4 Turbo,006_Library_Management_System_172.txt,0,16,0,19,Medium/Low,Medium/Low,Incomplete (missing responses),Medium/Low
US GPT4 Turbo,062_datahub_57.txt,3,9,0,11,Medium/Low,Medium/Low,Incomplete (missing responses),Medium/Low
US GPT4 Turbo,011_Library_Management_System_291.txt,2,6,0,8,Medium/Low,Medium/Low,Incomplete (missing responses),Medium/Low
US GPT4 Turbo,046_alfred_89.txt,3,10,0,12,Medium/Low,Medium/Low,Incomplete (missing responses),Medium/Low
US GPT4 Turbo,063_duraspace_27.txt,4,6,0,8,Medium/Low,High,Incomplete (missing responses),Medium/Low
US GPT4 Turbo,037_Restaurant_Management_System_339.txt,2,11,0,14,Medium/Low,Medium/Low,Incomplete (missing responses),Medium/Low
US GPT4 Turbo,010_Library_Management_System_289.txt,2,7,0,9,Medium/Low,Medium/Low,Incomplete (missing responses),Medium/Low
US GPT4 Turbo,056_culrepo_19.txt,5,11,0,13,Medium/Low,Medium/Low,Incomplete (missing responses),Medium/Low
US GPT4 Turbo,057_culrepo_22.txt,2,12,0,14,Medium/Low,Medium/Low,Incomplete (missing responses),Medium/Low
US GPT4 Turbo,025_Restaurant_Management_System_201.txt,2,8,0,10,Medium/Low,Medium/Low,Incomplete (missing responses),Medium/Low
US GPT4 Turbo,087_planningpoker_18.txt,6,17,0,19,Medium/Low,High,Incomplete (missing responses),Medium/Low
US GPT4 Turbo,058_culrepo_3.txt,4,23,0,26,Medium/Low,Medium/Low,Incomplete (missing responses),Medium/Low
US GPT4 Turbo,002_Library_Management_System_113.txt,4,12,0,14,Medium/Low,High,Incomplete (missing responses),Medium/Low
US GPT4 Turbo,075_mis_30.txt,3,7,0,9,Medium/Low,High,Incomplete (missing responses),Medium/Low
US GPT4 Turbo,094_rdadmp_43.txt,3,14,0,16,Medium/Low,Medium/Low,Incomplete (missing responses),Medium/Low
US GPT4 Turbo,033_Restaurant_Management_System_31.txt,0,0,0,2,High,High,High,Medium/Low
US GPT4 Turbo,074_mis_27.txt,3,24,0,26,Medium/Low,High,Incomplete (missing responses),Medium/Low
US GPT4 Turbo,038_Restaurant_Management_System_340.txt,2,10,0,12,Medium/Low,Medium/Low,Incomplete (missing responses),Medium/Low
US GPT4 Turbo,040_alfred_106.txt,1,6,1,10,Medium/Low,Medium/Low,Incomplete (missing responses),Medium/Low
US GPT4 Turbo,070_frictionless_18.txt,2,12,0,14,Medium/Low,Medium/Low,Incomplete (missing responses),Medium/Low
US GPT4 Turbo,082_openspending_14.txt,3,11,0,14,Medium/Low,High,Incomplete (missing responses),Medium/Low
US Pegasus,091_racdam_7.txt,0,0,0,2,High,High,High,Medium/Low
US Pegasus,042_alfred_113.txt,3,6,0,9,Medium/Low,High,Incomplete (missing responses),Medium/Low
US Pegasus,061_datahub_53.txt,3,10,0,12,Medium/Low,Medium/Low,Incomplete (missing responses),Medium/Low
US Pegasus,008_Library_Management_System_220.txt,3,5,0,7,High,High,Incomplete (missing responses),Medium/Low
US Pegasus,072_frictionless_32.txt,2,10,0,12,Medium/Low,Medium/Low,Incomplete (missing responses),Medium/Low
US Pegasus,086_openspending_49.txt,2,5,0,7,High,Medium/Low,Incomplete (missing responses),Medium/Low
US Pegasus,067_federalspending_15.txt,3,6,0,8,Medium/Low,High,Incomplete (missing responses),Medium/Low
US Pegasus,089_planningpoker_7.txt,0,8,0,10,Medium/Low,Medium/Low,Incomplete (missing responses),Medium/Low
US Pegasus,053_cask_33.txt,0,10,0,12,Medium/Low,Medium/Low,Incomplete (missing responses),Medium/Low
US Pegasus,039_Restaurant_Management_System_73.txt,2,4,0,6,High,Medium/Low,Incomplete (missing responses),Medium/Low
US Pegasus,066_duraspace_72.txt,0,4,0,6,High,Medium/Low,Incomplete (missing responses),Medium/Low
US Pegasus,027_Restaurant_Management_System_227.txt,1,4,0,6,High,Medium/Low,Incomplete (missing responses),Medium/Low
US Pegasus,098_unibath_1.txt,1,14,0,16,Medium/Low,Medium/Low,Incomplete (missing responses),Medium/Low
US Pegasus,022_Restaurant_Management_System_178.txt,3,4,0,6,High,High,Incomplete (missing responses),Medium/Low
US Pegasus,030_Restaurant_Management_System_290.txt,1,4,0,6,High,Medium/Low,Incomplete (missing responses),Medium/Low
US Pegasus,081_openspending_12.txt,2,5,0,7,High,Medium/Low,Incomplete (missing responses),Medium/Low
US Pegasus,034_Restaurant_Management_System_317.txt,0,4,0,6,High,Medium/Low,Incomplete (missing responses),Medium/Low
US Pegasus,049_badcamp_6.txt,0,8,0,10,Medium/Low,Medium/Low,Incomplete (missing responses),Medium/Low
US Pegasus,019_Library_Management_System_94.txt,1,4,0,6,High,Medium/Low,Incomplete (missing responses),Medium/Low
US Pegasus,059_culrepo_70.txt,2,5,0,7,High,Medium/Low,Incomplete (missing responses),Medium/Low
US Pegasus,031_Restaurant_Management_System_300.txt,1,3,0,5,High,Medium/Low,Incomplete (missing responses),Medium/Low
US Pegasus,012_Library_Management_System_298.txt,0,6,0,8,Medium/Low,Medium/Low,Incomplete (missing responses),Medium/Low
US Pegasus,047_archivesspace_47.txt,2,11,0,13,Medium/Low,Medium/Low,Incomplete (missing responses),Medium/Low
US Pegasus,060_culrepo_91.txt,4,8,0,10,Medium/Low,Medium/Low,Incomplete (missing responses),Medium/Low
US Pegasus,071_frictionless_2.txt,0,6,0,8,Medium/Low,Medium/Low,Incomplete (missing responses),Medium/Low
US Pegasus,044_alfred_58.txt,1,6,0,9,Medium/Low,Medium/Low,Incomplete (missing responses),Medium/Low
US Pegasus,036_Restaurant_Management_System_323.txt,0,9,0,11,Medium/Low,Medium/Low,Incomplete (missing responses),Medium/Low
US Pegasus,065_duraspace_68.txt,4,7,0,10,Medium/Low,Medium/Low,Incomplete (missing responses),Medium/Low
US Pegasus,069_federalspending_74.txt,2,3,0,5,High,High,Incomplete (missing responses),Medium/Low
US Pegasus,026_Restaurant_Management_System_222.txt,0,4,0,6,High,Medium/Low,Incomplete (missing responses),Medium/Low
US Pegasus,068_federalspending_68.txt,1,4,0,6,High,Medium/Low,Incomplete (missing responses),Medium/Low
US Pegasus,054_cask_42.txt,0,7,0,10,Medium/Low,Medium/Low,Incomplete (missing responses),Medium/Low
US Pegasus,064_duraspace_64.txt,0,12,0,14,Medium/Low,Medium/Low,Incomplete (missing responses),Medium/Low
US Pegasus,005_Library_Management_System_165.txt,2,4,0,6,High,Medium/Low,Incomplete (missing responses),Medium/Low
US Pegasus,080_neurohub_9.txt,0,14,0,16,Medium/Low,Medium/Low,Incomplete (missing responses),Medium/Low
US Pegasus,009_Library_Management_System_229.txt,0,4,0,6,High,Medium/Low,Incomplete (missing responses),Medium/Low
US Pegasus,017_Library_Management_System_357.txt,0,10,0,13,Medium/Low,Medium/Low,Incomplete (missing responses),Medium/Low
US Pegasus,004_Library_Management_System_119.txt,0,13,0,16,Medium/Low,Medium/Low,Incomplete (missing responses),Medium/Low
US Pegasus,003_Library_Management_System_115.txt,1,3,0,5,High,Medium/Low,Incomplete (missing responses),Medium/Low
US Pegasus,099_unibath_26.txt,1,5,0,7,High,Medium/Low,Incomplete (missing responses),Medium/Low
US Pegasus,024_Restaurant_Management_System_199.txt,3,4,0,6,High,Medium/Low,Incomplete (missing responses),Medium/Low
US Pegasus,093_rdadmp_14.txt,3,6,0,8,Medium/Low,Medium/Low,Incomplete (missing responses),Medium/Low
US Pegasus,052_cask_32.txt,3,10,0,13,Medium/Low,High,Incomplete (missing responses),Medium/Low
US Pegasus,076_mis_53.txt,0,12,0,14,Medium/Low,Medium/Low,Incomplete (missing responses),Medium/Low
US Pegasus,043_alfred_39.txt,0,4,0,6,High,Medium/Low,Incomplete (missing responses),Medium/Low
US Pegasus,018_Library_Management_System_85.txt,0,4,0,6,High,Medium/Low,Incomplete (missing responses),Medium/Low
US Pegasus,085_openspending_46.txt,0,5,0,7,High,Medium/Low,Incomplete (missing responses),Medium/Low
US Pegasus,095_scrumalliance_47.txt,3,15,0,18,Medium/Low,High,Incomplete (missing responses),Medium/Low
US Pegasus,090_racdam_4.txt,2,7,0,10,Medium/Low,High,Incomplete (missing responses),Medium/Low
US Pegasus,100_zooniverse_27.txt,4,12,0,14,Medium/Low,Medium/Low,Incomplete (missing responses),Medium/Low
US Pegasus,041_alfred_107.txt,4,6,1,10,Medium/Low,High,Incomplete (missing responses),Medium/Low
US Pegasus,023_Restaurant_Management_System_189.txt,3,5,0,7,High,High,Incomplete (missing responses),Medium/Low
US Pegasus,048_badcamp_42.txt,1,7,0,10,Medium/Low,Medium/Low,Incomplete (missing responses),Medium/Low
US Pegasus,083_openspending_36.txt,0,6,0,8,Medium/Low,Medium/Low,Incomplete (missing responses),Medium/Low
US Pegasus,096_scrumalliance_60.txt,2,4,0,6,High,Medium/Low,Incomplete (missing responses),Medium/Low
US Pegasus,001_Library_Management_System_106.txt,3,12,0,14,Medium/Low,Medium/Low,Incomplete (missing responses),Medium/Low
US Pegasus,097_scrumalliance_87.txt,0,4,0,6,High,Medium/Low,Incomplete (missing responses),Medium/Low
US Pegasus,016_Library_Management_System_333.txt,0,4,0,6,High,Medium/Low,Incomplete (missing responses),Medium/Low
US Pegasus,051_cask_20.txt,2,7,0,9,Medium/Low,Medium/Low,Incomplete (missing responses),Medium/Low
US Pegasus,032_Restaurant_Management_System_304.txt,1,4,0,6,High,Medium/Low,Incomplete (missing responses),Medium/Low
US Pegasus,028_Restaurant_Management_System_282.txt,0,6,0,8,Medium/Low,Medium/Low,Incomplete (missing responses),Medium/Low
US Pegasus,050_badcamp_65.txt,0,6,0,8,Medium/Low,Medium/Low,Incomplete (missing responses),Medium/Low
US Pegasus,007_Library_Management_System_181.txt,3,8,0,10,Medium/Low,High,Incomplete (missing responses),Medium/Low
US Pegasus,045_alfred_72.txt,3,4,0,6,High,High,Incomplete (missing responses),Medium/Low
US Pegasus,013_Library_Management_System_308.txt,0,4,0,6,High,Medium/Low,Incomplete (missing responses),Medium/Low
US Pegasus,020_Restaurant_Management_System_136.txt,0,8,0,10,Medium/Low,Medium/Low,Incomplete (missing responses),Medium/Low
US Pegasus,029_Restaurant_Management_System_287.txt,3,4,0,6,High,High,Incomplete (missing responses),Medium/Low
US Pegasus,014_Library_Management_System_312.txt,1,9,0,12,Medium/Low,Medium/Low,Incomplete (missing responses),Medium/Low
US Pegasus,015_Library_Management_System_318.txt,0,6,0,8,Medium/Low,Medium/Low,Incomplete (missing responses),Medium/Low
US Pegasus,084_openspending_37.txt,0,6,0,8,Medium/Low,Medium/Low,Incomplete (missing responses),Medium/Low
US Pegasus,035_Restaurant_Management_System_319.txt,1,2,0,4,High,Medium/Low,Incomplete (missing responses),Medium/Low
US Pegasus,021_Restaurant_Management_System_161.txt,0,4,0,6,High,Medium/Low,Incomplete (missing responses),Medium/Low
US Pegasus,088_planningpoker_2.txt,1,10,0,12,Medium/Low,Medium/Low,Incomplete (missing responses),Medium/Low
US Pegasus,077_mis_65.txt,0,8,0,10,Medium/Low,Medium/Low,Incomplete (missing responses),Medium/Low
US Pegasus,055_cask_9.txt,4,8,0,10,Medium/Low,Medium/Low,Incomplete (missing responses),Medium/Low
US Pegasus,079_neurohub_20.txt,3,6,0,8,Medium/Low,High,Incomplete (missing responses),Medium/Low
US Pegasus,073_mis_11.txt,4,7,0,10,Medium/Low,Medium/Low,Incomplete (missing responses),Medium/Low
US Pegasus,092_racdam_71.txt,0,8,0,10,Medium/Low,Medium/Low,Incomplete (missing responses),Medium/Low
US Pegasus,078_neurohub_101.txt,0,6,0,8,Medium/Low,Medium/Low,Incomplete (missing responses),Medium/Low
US Pegasus,006_Library_Management_System_172.txt,1,6,0,8,Medium/Low,Medium/Low,Incomplete (missing responses),Medium/Low
US Pegasus,062_datahub_57.txt,2,7,0,9,Medium/Low,Medium/Low,Incomplete (missing responses),Medium/Low
US Pegasus,011_Library_Management_System_291.txt,1,4,0,6,High,Medium/Low,Incomplete (missing responses),Medium/Low
US Pegasus,046_alfred_89.txt,1,3,0,5,High,Medium/Low,Incomplete (missing responses),Medium/Low
US Pegasus,063_duraspace_27.txt,0,6,0,8,Medium/Low,Medium/Low,Incomplete (missing responses),Medium/Low
US Pegasus,037_Restaurant_Management_System_339.txt,3,7,0,9,Medium/Low,High,Incomplete (missing responses),Medium/Low
US Pegasus,010_Library_Management_System_289.txt,0,4,0,6,High,Medium/Low,Incomplete (missing responses),Medium/Low
US Pegasus,056_culrepo_19.txt,0,4,0,6,High,Medium/Low,Incomplete (missing responses),Medium/Low
US Pegasus,057_culrepo_22.txt,3,4,0,6,High,High,Incomplete (missing responses),Medium/Low
US Pegasus,025_Restaurant_Management_System_201.txt,1,4,0,6,High,Medium/Low,Incomplete (missing responses),Medium/Low
US Pegasus,087_planningpoker_18.txt,0,7,0,9,Medium/Low,Medium/Low,Incomplete (missing responses),Medium/Low
US Pegasus,058_culrepo_3.txt,0,14,0,17,Medium/Low,Medium/Low,Incomplete (missing responses),Medium/Low
US Pegasus,002_Library_Management_System_113.txt,0,5,0,8,High,Medium/Low,Incomplete (missing responses),Medium/Low
US Pegasus,075_mis_30.txt,1,4,0,6,High,Medium/Low,Incomplete (missing responses),Medium/Low
US Pegasus,094_rdadmp_43.txt,3,4,0,6,High,High,Incomplete (missing responses),Medium/Low
US Pegasus,033_Restaurant_Management_System_31.txt,3,9,0,11,Medium/Low,High,Incomplete (missing responses),Medium/Low
US Pegasus,074_mis_27.txt,3,8,0,10,Medium/Low,High,Incomplete (missing responses),Medium/Low
US Pegasus,038_Restaurant_Management_System_340.txt,1,8,0,10,Medium/Low,Medium/Low,Incomplete (missing responses),Medium/Low
US Pegasus,040_alfred_106.txt,0,10,2,15,Medium/Low,Medium/Low,Incomplete (missing responses),Medium/Low
US Pegasus,070_frictionless_18.txt,2,6,0,9,Medium/Low,Medium/Low,Incomplete (missing responses),Medium/Low
US Pegasus,082_openspending_14.txt,2,11,0,14,Medium/Low,Medium/Low,Incomplete (missing responses),Medium/Low
US BART,091_racdam_7.txt,0,5,0,7,High,Medium/Low,Incomplete (missing responses),Medium/Low
US BART,042_alfred_113.txt,0,8,0,10,Medium/Low,Medium/Low,Incomplete (missing responses),Medium/Low
US BART,061_datahub_53.txt,0,4,0,6,High,Medium/Low,Incomplete (missing responses),Medium/Low
US BART,008_Library_Management_System_220.txt,2,8,0,10,Medium/Low,Medium/Low,Incomplete (missing responses),Medium/Low
US BART,072_frictionless_32.txt,2,6,0,8,Medium/Low,Medium/Low,Incomplete (missing responses),Medium/Low
US BART,086_openspending_49.txt,0,8,0,10,Medium/Low,Medium/Low,Incomplete (missing responses),Medium/Low
US BART,067_federalspending_15.txt,3,4,0,6,High,High,Incomplete (missing responses),Medium/Low
US BART,089_planningpoker_7.txt,1,8,0,10,Medium/Low,Medium/Low,Incomplete (missing responses),Medium/Low
US BART,053_cask_33.txt,0,8,0,10,Medium/Low,Medium/Low,Incomplete (missing responses),Medium/Low
US BART,039_Restaurant_Management_System_73.txt,3,4,0,6,High,Medium/Low,Incomplete (missing responses),Medium/Low
US BART,066_duraspace_72.txt,4,5,0,7,High,Medium/Low,Incomplete (missing responses),Medium/Low
US BART,027_Restaurant_Management_System_227.txt,0,4,0,6,High,Medium/Low,Incomplete (missing responses),Medium/Low
US BART,098_unibath_1.txt,0,7,0,9,Medium/Low,Medium/Low,Incomplete (missing responses),Medium/Low
US BART,022_Restaurant_Management_System_178.txt,2,4,0,6,High,Medium/Low,Incomplete (missing responses),Medium/Low
US BART,030_Restaurant_Management_System_290.txt,0,4,0,6,High,Medium/Low,Incomplete (missing responses),Medium/Low
US BART,081_openspending_12.txt,0,6,0,8,Medium/Low,Medium/Low,Incomplete (missing responses),Medium/Low
US BART,034_Restaurant_Management_System_317.txt,3,8,0,10,Medium/Low,High,Incomplete (missing responses),Medium/Low
US BART,049_badcamp_6.txt,3,8,0,10,Medium/Low,Medium/Low,Incomplete (missing responses),Medium/Low
US BART,019_Library_Management_System_94.txt,0,4,0,6,High,Medium/Low,Incomplete (missing responses),Medium/Low
US BART,059_culrepo_70.txt,1,10,0,12,Medium/Low,Medium/Low,Incomplete (missing responses),Medium/Low
US BART,031_Restaurant_Management_System_300.txt,3,4,0,6,High,High,Incomplete (missing responses),Medium/Low
US BART,012_Library_Management_System_298.txt,0,4,0,6,High,Medium/Low,Incomplete (missing responses),Medium/Low
US BART,047_archivesspace_47.txt,0,16,0,18,Medium/Low,Medium/Low,Incomplete (missing responses),Medium/Low
US BART,060_culrepo_91.txt,0,6,0,8,Medium/Low,Medium/Low,Incomplete (missing responses),Medium/Low
US BART,071_frictionless_2.txt,0,6,0,8,Medium/Low,Medium/Low,Incomplete (missing responses),Medium/Low
US BART,044_alfred_58.txt,0,6,0,8,Medium/Low,Medium/Low,Incomplete (missing responses),Medium/Low
US BART,036_Restaurant_Management_System_323.txt,0,4,0,6,High,Medium/Low,Incomplete (missing responses),Medium/Low
US BART,065_duraspace_68.txt,0,4,0,6,High,Medium/Low,Incomplete (missing responses),Medium/Low
US BART,069_federalspending_74.txt,0,4,0,6,High,Medium/Low,Incomplete (missing responses),Medium/Low
US BART,026_Restaurant_Management_System_222.txt,0,4,0,6,High,Medium/Low,Incomplete (missing responses),Medium/Low
US BART,068_federalspending_68.txt,0,6,0,9,Medium/Low,Medium/Low,Incomplete (missing responses),Medium/Low
US BART,054_cask_42.txt,3,10,0,12,Medium/Low,Medium/Low,Incomplete (missing responses),Medium/Low
US BART,064_duraspace_64.txt,4,8,0,10,Medium/Low,High,Incomplete (missing responses),Medium/Low
US BART,005_Library_Management_System_165.txt,2,8,0,10,Medium/Low,Medium/Low,Incomplete (missing responses),Medium/Low
US BART,080_neurohub_9.txt,2,15,0,17,Medium/Low,Medium/Low,Incomplete (missing responses),Medium/Low
US BART,009_Library_Management_System_229.txt,0,4,0,6,High,Medium/Low,Incomplete (missing responses),Medium/Low
US BART,017_Library_Management_System_357.txt,1,3,0,5,High,Medium/Low,Incomplete (missing responses),Medium/Low
US BART,004_Library_Management_System_119.txt,1,6,0,8,Medium/Low,Medium/Low,Incomplete (missing responses),Medium/Low
US BART,003_Library_Management_System_115.txt,2,5,0,7,High,High,Incomplete (missing responses),Medium/Low
US BART,099_unibath_26.txt,2,10,0,13,Medium/Low,Medium/Low,Incomplete (missing responses),Medium/Low
US BART,024_Restaurant_Management_System_199.txt,0,4,0,6,High,Medium/Low,Incomplete (missing responses),Medium/Low
US BART,093_rdadmp_14.txt,3,6,0,8,Medium/Low,Medium/Low,Incomplete (missing responses),Medium/Low
US BART,052_cask_32.txt,0,4,0,6,High,Medium/Low,Incomplete (missing responses),Medium/Low
US BART,076_mis_53.txt,4,9,0,11,Medium/Low,High,Incomplete (missing responses),Medium/Low
US BART,043_alfred_39.txt,0,3,0,5,High,Medium/Low,Incomplete (missing responses),Medium/Low
US BART,018_Library_Management_System_85.txt,4,6,0,8,Medium/Low,Medium/Low,Incomplete (missing responses),Medium/Low
US BART,085_openspending_46.txt,1,5,0,7,High,Medium/Low,Incomplete (missing responses),Medium/Low
US BART,095_scrumalliance_47.txt,0,0,0,2,High,High,High,Medium/Low
US BART,090_racdam_4.txt,3,11,0,13,Medium/Low,High,Incomplete (missing responses),Medium/Low
US BART,100_zooniverse_27.txt,4,8,0,10,Medium/Low,High,Incomplete (missing responses),Medium/Low
US BART,041_alfred_107.txt,0,6,0,8,Medium/Low,Medium/Low,Incomplete (missing responses),Medium/Low
US BART,023_Restaurant_Management_System_189.txt,0,8,0,10,Medium/Low,Medium/Low,Incomplete (missing responses),Medium/Low
US BART,048_badcamp_42.txt,0,8,0,10,Medium/Low,Medium/Low,Incomplete (missing responses),Medium/Low
US BART,083_openspending_36.txt,4,7,0,9,Medium/Low,High,Incomplete (missing responses),Medium/Low
US BART,096_scrumalliance_60.txt,3,4,0,6,High,High,Incomplete (missing responses),Medium/Low
US BART,001_Library_Management_System_106.txt,2,5,0,8,High,Medium/Low,Incomplete (missing responses),Medium/Low
US BART,097_scrumalliance_87.txt,0,8,0,10,Medium/Low,Medium/Low,Incomplete (missing responses),Medium/Low
US BART,016_Library_Management_System_333.txt,3,12,0,15,Medium/Low,High,Incomplete (missing responses),Medium/Low
US BART,051_cask_20.txt,0,8,0,10,Medium/Low,Medium/Low,Incomplete (missing responses),Medium/Low
US BART,032_Restaurant_Management_System_304.txt,3,4,0,6,High,Medium/Low,Incomplete (missing responses),Medium/Low
US BART,028_Restaurant_Management_System_282.txt,2,8,0,10,Medium/Low,Medium/Low,Incomplete (missing responses),Medium/Low
US BART,050_badcamp_65.txt,3,5,0,7,High,High,Incomplete (missing responses),Medium/Low
US BART,007_Library_Management_System_181.txt,2,9,0,11,Medium/Low,Medium/Low,Incomplete (missing responses),Medium/Low
US BART,045_alfred_72.txt,0,8,0,10,Medium/Low,Medium/Low,Incomplete (missing responses),Medium/Low
US BART,013_Library_Management_System_308.txt,1,4,0,6,High,Medium/Low,Incomplete (missing responses),Medium/Low
US BART,020_Restaurant_Management_System_136.txt,2,8,0,10,Medium/Low,Medium/Low,Incomplete (missing responses),Medium/Low
US BART,029_Restaurant_Management_System_287.txt,3,5,0,7,High,High,Incomplete (missing responses),Medium/Low
US BART,014_Library_Management_System_312.txt,0,8,0,10,Medium/Low,Medium/Low,Incomplete (missing responses),Medium/Low
US BART,015_Library_Management_System_318.txt,0,8,0,10,Medium/Low,Medium/Low,Incomplete (missing responses),Medium/Low
US BART,084_openspending_37.txt,0,11,0,13,Medium/Low,Medium/Low,Incomplete (missing responses),Medium/Low
US BART,035_Restaurant_Management_System_319.txt,2,2,0,4,High,High,Incomplete (missing responses),Medium/Low
US BART,021_Restaurant_Management_System_161.txt,3,8,0,10,Medium/Low,Medium/Low,Incomplete (missing responses),Medium/Low
US BART,088_planningpoker_2.txt,1,10,0,13,Medium/Low,Medium/Low,Incomplete (missing responses),Medium/Low
US BART,077_mis_65.txt,0,8,0,10,Medium/Low,Medium/Low,Incomplete (missing responses),Medium/Low
US BART,055_cask_9.txt,4,6,0,9,Medium/Low,Medium/Low,Incomplete (missing responses),Medium/Low
US BART,079_neurohub_20.txt,2,5,0,7,High,High,Incomplete (missing responses),Medium/Low
US BART,073_mis_11.txt,0,7,0,9,Medium/Low,Medium/Low,Incomplete (missing responses),Medium/Low
US BART,092_racdam_71.txt,0,4,0,6,High,Medium/Low,Incomplete (missing responses),Medium/Low
US BART,078_neurohub_101.txt,2,15,0,17,Medium/Low,Medium/Low,Incomplete (missing responses),Medium/Low
US BART,006_Library_Management_System_172.txt,2,8,0,10,Medium/Low,Medium/Low,Incomplete (missing responses),Medium/Low
US BART,062_datahub_57.txt,2,8,0,10,Medium/Low,Medium/Low,Incomplete (missing responses),Medium/Low
US BART,011_Library_Management_System_291.txt,0,4,0,6,High,Medium/Low,Incomplete (missing responses),Medium/Low
US BART,046_alfred_89.txt,2,8,0,10,Medium/Low,Medium/Low,Incomplete (missing responses),Medium/Low
US BART,063_duraspace_27.txt,1,3,0,5,High,Medium/Low,Incomplete (missing responses),Medium/Low
US BART,037_Restaurant_Management_System_339.txt,3,11,1,15,Medium/Low,High,Incomplete (missing responses),Medium/Low
US BART,010_Library_Management_System_289.txt,0,12,1,16,Medium/Low,Medium/Low,Incomplete (missing responses),Medium/Low
US BART,056_culrepo_19.txt,6,15,0,18,Medium/Low,Medium/Low,Incomplete (missing responses),Medium/Low
US BART,057_culrepo_22.txt,2,4,0,6,High,Medium/Low,Incomplete (missing responses),Medium/Low
US BART,025_Restaurant_Management_System_201.txt,2,5,0,7,High,Medium/Low,Incomplete (missing responses),Medium/Low
US BART,087_planningpoker_18.txt,0,5,0,7,High,Medium/Low,Incomplete (missing responses),Medium/Low
US BART,058_culrepo_3.txt,0,6,0,8,Medium/Low,Medium/Low,Incomplete (missing responses),Medium/Low
US BART,002_Library_Management_System_113.txt,3,6,0,8,Medium/Low,High,Incomplete (missing responses),Medium/Low
US BART,075_mis_30.txt,0,9,0,12,Medium/Low,Medium/Low,Incomplete (missing responses),Medium/Low
US BART,094_rdadmp_43.txt,0,4,0,6,High,Medium/Low,Incomplete (missing responses),Medium/Low
US BART,033_Restaurant_Management_System_31.txt,0,4,0,6,High,Medium/Low,Incomplete (missing responses),Medium/Low
US BART,074_mis_27.txt,0,6,0,8,Medium/Low,Medium/Low,Incomplete (missing responses),Medium/Low
US BART,038_Restaurant_Management_System_340.txt,3,11,1,15,Medium/Low,High,Incomplete (missing responses),Medium/Low
US BART,040_alfred_106.txt,3,4,0,6,High,High,Incomplete (missing responses),Medium/Low
US BART,070_frictionless_18.txt,2,6,0,8,Medium/Low,Medium/Low,Incomplete (missing responses),Medium/Low
US BART,082_openspending_14.txt,1,6,0,8,Medium/Low,Medium/Low,Incomplete (missing responses),Medium/Low
US RoBERTa,091_racdam_7.txt,4,6,0,8,Medium/Low,High,Incomplete (missing responses),Medium/Low
US RoBERTa,042_alfred_113.txt,1,6,0,8,Medium/Low,Medium/Low,Incomplete (missing responses),Medium/Low
US RoBERTa,061_datahub_53.txt,3,6,0,8,Medium/Low,Medium/Low,Incomplete (missing responses),Medium/Low
US RoBERTa,008_Library_Management_System_220.txt,2,4,0,6,High,Medium/Low,Incomplete (missing responses),Medium/Low
US RoBERTa,072_frictionless_32.txt,4,8,0,10,Medium/Low,Medium/Low,Incomplete (missing responses),Medium/Low
US RoBERTa,086_openspending_49.txt,4,6,0,8,Medium/Low,High,Incomplete (missing responses),Medium/Low
US RoBERTa,067_federalspending_15.txt,0,6,0,8,Medium/Low,Medium/Low,Incomplete (missing responses),Medium/Low
US RoBERTa,089_planningpoker_7.txt,0,7,0,9,Medium/Low,Medium/Low,Incomplete (missing responses),Medium/Low
US RoBERTa,053_cask_33.txt,2,7,0,9,Medium/Low,Medium/Low,Incomplete (missing responses),Medium/Low
US RoBERTa,039_Restaurant_Management_System_73.txt,1,4,0,6,High,Medium/Low,Incomplete (missing responses),Medium/Low
US RoBERTa,066_duraspace_72.txt,2,10,0,12,Medium/Low,Medium/Low,Incomplete (missing responses),Medium/Low
US RoBERTa,027_Restaurant_Management_System_227.txt,3,4,0,6,High,High,Incomplete (missing responses),Medium/Low
US RoBERTa,098_unibath_1.txt,4,6,0,8,Medium/Low,High,Incomplete (missing responses),Medium/Low
US RoBERTa,022_Restaurant_Management_System_178.txt,1,3,0,5,High,Medium/Low,Incomplete (missing responses),Medium/Low
US RoBERTa,030_Restaurant_Management_System_290.txt,1,4,0,6,High,Medium/Low,Incomplete (missing responses),Medium/Low
US RoBERTa,081_openspending_12.txt,0,9,0,11,Medium/Low,Medium/Low,Incomplete (missing responses),Medium/Low
US RoBERTa,034_Restaurant_Management_System_317.txt,2,12,0,14,Medium/Low,Medium/Low,Incomplete (missing responses),Medium/Low
US RoBERTa,049_badcamp_6.txt,3,9,0,12,Medium/Low,High,Incomplete (missing responses),Medium/Low
US RoBERTa,019_Library_Management_System_94.txt,1,2,0,4,High,Medium/Low,Incomplete (missing responses),Medium/Low
US RoBERTa,059_culrepo_70.txt,0,9,0,12,Medium/Low,Medium/Low,Incomplete (missing responses),Medium/Low
US RoBERTa,031_Restaurant_Management_System_300.txt,3,4,0,6,High,High,Incomplete (missing responses),Medium/Low
US RoBERTa,012_Library_Management_System_298.txt,3,4,0,6,High,High,Incomplete (missing responses),Medium/Low
US RoBERTa,047_archivesspace_47.txt,1,24,0,26,Medium/Low,Medium/Low,Incomplete (missing responses),Medium/Low
US RoBERTa,060_culrepo_91.txt,0,4,0,6,High,Medium/Low,Incomplete (missing responses),Medium/Low
US RoBERTa,071_frictionless_2.txt,0,8,0,10,Medium/Low,Medium/Low,Incomplete (missing responses),Medium/Low
US RoBERTa,044_alfred_58.txt,0,10,0,13,Medium/Low,Medium/Low,Incomplete (missing responses),Medium/Low
US RoBERTa,036_Restaurant_Management_System_323.txt,0,9,0,12,Medium/Low,Medium/Low,Incomplete (missing responses),Medium/Low
US RoBERTa,065_duraspace_68.txt,3,6,0,9,Medium/Low,High,Incomplete (missing responses),Medium/Low
US RoBERTa,069_federalspending_74.txt,0,8,0,11,Medium/Low,Medium/Low,Incomplete (missing responses),Medium/Low
US RoBERTa,026_Restaurant_Management_System_222.txt,2,6,0,8,Medium/Low,Medium/Low,Incomplete (missing responses),Medium/Low
US RoBERTa,068_federalspending_68.txt,1,5,0,8,High,Medium/Low,Incomplete (missing responses),Medium/Low
US RoBERTa,054_cask_42.txt,2,8,0,10,Medium/Low,Medium/Low,Incomplete (missing responses),Medium/Low
US RoBERTa,064_duraspace_64.txt,4,5,0,8,High,Medium/Low,Incomplete (missing responses),Medium/Low
US RoBERTa,005_Library_Management_System_165.txt,2,6,0,8,Medium/Low,Medium/Low,Incomplete (missing responses),Medium/Low
US RoBERTa,080_neurohub_9.txt,1,10,0,12,Medium/Low,Medium/Low,Incomplete (missing responses),Medium/Low
US RoBERTa,009_Library_Management_System_229.txt,0,4,0,6,High,Medium/Low,Incomplete (missing responses),Medium/Low
US RoBERTa,017_Library_Management_System_357.txt,0,4,0,6,High,Medium/Low,Incomplete (missing responses),Medium/Low
US RoBERTa,004_Library_Management_System_119.txt,1,20,0,22,Medium/Low,Medium/Low,Incomplete (missing responses),Medium/Low
US RoBERTa,003_Library_Management_System_115.txt,2,5,0,7,High,Medium/Low,Incomplete (missing responses),Medium/Low
US RoBERTa,099_unibath_26.txt,0,4,0,6,High,Medium/Low,Incomplete (missing responses),Medium/Low
US RoBERTa,024_Restaurant_Management_System_199.txt,0,4,0,6,High,Medium/Low,Incomplete (missing responses),Medium/Low
US RoBERTa,093_rdadmp_14.txt,3,6,0,8,Medium/Low,Medium/Low,Incomplete (missing responses),Medium/Low
US RoBERTa,052_cask_32.txt,4,6,0,8,Medium/Low,Medium/Low,Incomplete (missing responses),Medium/Low
US RoBERTa,076_mis_53.txt,0,6,0,8,Medium/Low,Medium/Low,Incomplete (missing responses),Medium/Low
US RoBERTa,043_alfred_39.txt,0,5,1,9,High,Medium/Low,Incomplete (missing responses),Medium/Low
US RoBERTa,018_Library_Management_System_85.txt,0,4,0,6,High,Medium/Low,Incomplete (missing responses),Medium/Low
US RoBERTa,085_openspending_46.txt,1,7,0,9,Medium/Low,Medium/Low,Incomplete (missing responses),Medium/Low
US RoBERTa,095_scrumalliance_47.txt,0,8,0,10,Medium/Low,Medium/Low,Incomplete (missing responses),Medium/Low
US RoBERTa,090_racdam_4.txt,4,9,0,11,Medium/Low,Medium/Low,Incomplete (missing responses),Medium/Low
US RoBERTa,100_zooniverse_27.txt,4,9,0,11,Medium/Low,Medium/Low,Incomplete (missing responses),Medium/Low
US RoBERTa,041_alfred_107.txt,0,6,0,8,Medium/Low,Medium/Low,Incomplete (missing responses),Medium/Low
US RoBERTa,023_Restaurant_Management_System_189.txt,0,9,0,11,Medium/Low,Medium/Low,Incomplete (missing responses),Medium/Low
US RoBERTa,048_badcamp_42.txt,3,12,0,14,Medium/Low,High,Incomplete (missing responses),Medium/Low
US RoBERTa,083_openspending_36.txt,0,6,0,8,Medium/Low,Medium/Low,Incomplete (missing responses),Medium/Low
US RoBERTa,096_scrumalliance_60.txt,3,6,0,8,Medium/Low,Medium/Low,Incomplete (missing responses),Medium/Low
US RoBERTa,001_Library_Management_System_106.txt,0,12,0,14,Medium/Low,Medium/Low,Incomplete (missing responses),Medium/Low
US RoBERTa,097_scrumalliance_87.txt,4,19,0,21,Medium/Low,High,Incomplete (missing responses),Medium/Low
US RoBERTa,016_Library_Management_System_333.txt,0,8,0,10,Medium/Low,Medium/Low,Incomplete (missing responses),Medium/Low
US RoBERTa,051_cask_20.txt,0,4,0,6,High,Medium/Low,Incomplete (missing responses),Medium/Low
US RoBERTa,032_Restaurant_Management_System_304.txt,0,8,0,11,Medium/Low,Medium/Low,Incomplete (missing responses),Medium/Low
US RoBERTa,028_Restaurant_Management_System_282.txt,0,4,0,6,High,Medium/Low,Incomplete (missing responses),Medium/Low
US RoBERTa,050_badcamp_65.txt,4,6,0,8,Medium/Low,High,Incomplete (missing responses),Medium/Low
US RoBERTa,007_Library_Management_System_181.txt,2,5,0,7,High,Medium/Low,Incomplete (missing responses),Medium/Low
US RoBERTa,045_alfred_72.txt,3,6,0,8,Medium/Low,High,Incomplete (missing responses),Medium/Low
US RoBERTa,013_Library_Management_System_308.txt,2,6,0,8,Medium/Low,High,Incomplete (missing responses),Medium/Low
US RoBERTa,020_Restaurant_Management_System_136.txt,0,12,0,14,Medium/Low,Medium/Low,Incomplete (missing responses),Medium/Low
US RoBERTa,029_Restaurant_Management_System_287.txt,1,3,0,5,High,Medium/Low,Incomplete (missing responses),Medium/Low
US RoBERTa,014_Library_Management_System_312.txt,2,7,0,9,Medium/Low,Medium/Low,Incomplete (missing responses),Medium/Low
US RoBERTa,015_Library_Management_System_318.txt,3,12,0,14,Medium/Low,Medium/Low,Incomplete (missing responses),Medium/Low
US RoBERTa,084_openspending_37.txt,4,6,0,8,Medium/Low,High,Incomplete (missing responses),Medium/Low
US RoBERTa,035_Restaurant_Management_System_319.txt,0,10,0,12,Medium/Low,Medium/Low,Incomplete (missing responses),Medium/Low
US RoBERTa,021_Restaurant_Management_System_161.txt,0,6,0,8,Medium/Low,Medium/Low,Incomplete (missing responses),Medium/Low
US RoBERTa,088_planningpoker_2.txt,3,8,0,10,Medium/Low,Medium/Low,Incomplete (missing responses),Medium/Low
US RoBERTa,077_mis_65.txt,3,12,0,14,Medium/Low,High,Incomplete (missing responses),Medium/Low
US RoBERTa,055_cask_9.txt,5,12,0,15,Medium/Low,Medium/Low,Incomplete (missing responses),Medium/Low
US RoBERTa,079_neurohub_20.txt,0,4,0,6,High,Medium/Low,Incomplete (missing responses),Medium/Low
US RoBERTa,073_mis_11.txt,3,5,0,7,High,High,Incomplete (missing responses),Medium/Low
US RoBERTa,092_racdam_71.txt,0,6,0,8,Medium/Low,Medium/Low,Incomplete (missing responses),Medium/Low
US RoBERTa,078_neurohub_101.txt,3,12,0,14,Medium/Low,High,Incomplete (missing responses),Medium/Low
US RoBERTa,006_Library_Management_System_172.txt,0,0,0,2,High,High,High,Medium/Low
US RoBERTa,062_datahub_57.txt,3,5,0,7,High,High,Incomplete (missing responses),Medium/Low
US RoBERTa,011_Library_Management_System_291.txt,1,5,0,7,High,Medium/Low,Incomplete (missing responses),Medium/Low
US RoBERTa,046_alfred_89.txt,3,10,0,12,Medium/Low,Medium/Low,Incomplete (missing responses),Medium/Low
US RoBERTa,063_duraspace_27.txt,3,4,0,6,High,High,Incomplete (missing responses),Medium/Low
US RoBERTa,037_Restaurant_Management_System_339.txt,0,20,3,26,Medium/Low,Medium/Low,Incomplete (missing responses),Medium/Low
US RoBERTa,010_Library_Management_System_289.txt,1,3,0,5,High,Medium/Low,Incomplete (missing responses),Medium/Low
US RoBERTa,056_culrepo_19.txt,2,10,0,12,Medium/Low,Medium/Low,Incomplete (missing responses),Medium/Low
US RoBERTa,057_culrepo_22.txt,0,7,0,10,Medium/Low,Medium/Low,Incomplete (missing responses),Medium/Low
US RoBERTa,025_Restaurant_Management_System_201.txt,4,6,0,8,Medium/Low,High,Incomplete (missing responses),Medium/Low
US RoBERTa,087_planningpoker_18.txt,0,8,0,10,Medium/Low,Medium/Low,Incomplete (missing responses),Medium/Low
US RoBERTa,058_culrepo_3.txt,0,9,0,11,Medium/Low,Medium/Low,Incomplete (missing responses),Medium/Low
US RoBERTa,002_Library_Management_System_113.txt,1,7,0,9,Medium/Low,Medium/Low,Incomplete (missing responses),Medium/Low
US RoBERTa,075_mis_30.txt,2,5,0,7,High,Medium/Low,Incomplete (missing responses),Medium/Low
US RoBERTa,094_rdadmp_43.txt,2,4,0,6,High,Medium/Low,Incomplete (missing responses),Medium/Low
US RoBERTa,033_Restaurant_Management_System_31.txt,3,6,0,8,Medium/Low,Medium/Low,Incomplete (missing responses),Medium/Low
US RoBERTa,074_mis_27.txt,5,12,0,15,Medium/Low,Medium/Low,Incomplete (missing responses),Medium/Low
US RoBERTa,038_Restaurant_Management_System_340.txt,0,7,0,9,Medium/Low,Medium/Low,Incomplete (missing responses),Medium/Low
US RoBERTa,040_alfred_106.txt,0,4,6,13,High,Medium/Low,Incomplete (missing responses),Medium/Low
US RoBERTa,070_frictionless_18.txt,0,6,0,8,Medium/Low,Medium/Low,Incomplete (missing responses),Medium/Low
US RoBERTa,082_openspending_14.txt,0,5,0,8,High,Medium/Low,Incomplete (missing responses),Medium/Low
US,091_racdam_7.txt,1,5,0,7,High,Medium/Low,Incomplete (missing responses),Medium/Low
US,042_alfred_113.txt,0,9,0,11,Medium/Low,Medium/Low,Incomplete (missing responses),Medium/Low
US,061_datahub_53.txt,2,4,0,6,High,Medium/Low,Incomplete (missing responses),Medium/Low
US,008_Library_Management_System_220.txt,3,4,0,6,High,High,Incomplete (missing responses),Medium/Low
US,072_frictionless_32.txt,3,8,0,10,Medium/Low,High,Incomplete (missing responses),Medium/Low
US,086_openspending_49.txt,2,6,0,8,Medium/Low,Medium/Low,Incomplete (missing responses),Medium/Low
US,067_federalspending_15.txt,3,8,0,11,Medium/Low,Medium/Low,Incomplete (missing responses),Medium/Low
US,089_planningpoker_7.txt,0,10,0,12,Medium/Low,Medium/Low,Incomplete (missing responses),Medium/Low
US,053_cask_33.txt,0,18,0,20,Medium/Low,Medium/Low,Incomplete (missing responses),Medium/Low
US,039_Restaurant_Management_System_73.txt,2,6,0,8,Medium/Low,Medium/Low,Incomplete (missing responses),Medium/Low
US,066_duraspace_72.txt,1,8,0,10,Medium/Low,Medium/Low,Incomplete (missing responses),Medium/Low
US,027_Restaurant_Management_System_227.txt,0,4,0,6,High,Medium/Low,Incomplete (missing responses),Medium/Low
US,098_unibath_1.txt,1,10,0,12,Medium/Low,Medium/Low,Incomplete (missing responses),Medium/Low
US,022_Restaurant_Management_System_178.txt,1,4,0,6,High,Medium/Low,Incomplete (missing responses),Medium/Low
US,030_Restaurant_Management_System_290.txt,1,2,0,4,High,Medium/Low,Incomplete (missing responses),Medium/Low
US,081_openspending_12.txt,0,7,0,9,Medium/Low,Medium/Low,Incomplete (missing responses),Medium/Low
US,034_Restaurant_Management_System_317.txt,1,6,0,8,Medium/Low,Medium/Low,Incomplete (missing responses),Medium/Low
US,049_badcamp_6.txt,4,11,0,14,Medium/Low,High,Incomplete (missing responses),Medium/Low
US,019_Library_Management_System_94.txt,1,4,0,6,High,Medium/Low,Incomplete (missing responses),Medium/Low
US,059_culrepo_70.txt,0,10,0,12,Medium/Low,Medium/Low,Incomplete (missing responses),Medium/Low
US,031_Restaurant_Management_System_300.txt,1,6,0,8,Medium/Low,Medium/Low,Incomplete (missing responses),Medium/Low
US,012_Library_Management_System_298.txt,0,4,0,6,High,Medium/Low,Incomplete (missing responses),Medium/Low
US,047_archivesspace_47.txt,2,6,0,8,Medium/Low,Medium/Low,Incomplete (missing responses),Medium/Low
US,060_culrepo_91.txt,2,5,0,7,High,Medium/Low,Incomplete (missing responses),Medium/Low
US,071_frictionless_2.txt,2,6,0,8,Medium/Low,Medium/Low,Incomplete (missing responses),Medium/Low
US,044_alfred_58.txt,3,5,0,8,High,Medium/Low,Incomplete (missing responses),Medium/Low
US,036_Restaurant_Management_System_323.txt,1,6,0,8,Medium/Low,Medium/Low,Incomplete (missing responses),Medium/Low
US,065_duraspace_68.txt,2,5,0,7,High,Medium/Low,Incomplete (missing responses),Medium/Low
US,069_federalspending_74.txt,3,6,0,8,Medium/Low,Medium/Low,Incomplete (missing responses),Medium/Low
US,026_Restaurant_Management_System_222.txt,0,9,0,11,Medium/Low,Medium/Low,Incomplete (missing responses),Medium/Low
US,068_federalspending_68.txt,2,9,0,12,Medium/Low,Medium/Low,Incomplete (missing responses),Medium/Low
US,054_cask_42.txt,2,4,0,6,High,Medium/Low,Incomplete (missing responses),Medium/Low
US,064_duraspace_64.txt,0,13,0,16,Medium/Low,Medium/Low,Incomplete (missing responses),Medium/Low
US,005_Library_Management_System_165.txt,2,5,0,7,High,Medium/Low,Incomplete (missing responses),Medium/Low
US,080_neurohub_9.txt,2,8,0,10,Medium/Low,High,Incomplete (missing responses),Medium/Low
US,009_Library_Management_System_229.txt,2,4,0,6,High,Medium/Low,Incomplete (missing responses),Medium/Low
US,017_Library_Management_System_357.txt,0,4,0,6,High,Medium/Low,Incomplete (missing responses),Medium/Low
US,004_Library_Management_System_119.txt,2,8,0,10,Medium/Low,Medium/Low,Incomplete (missing responses),Medium/Low
US,003_Library_Management_System_115.txt,2,7,1,11,Medium/Low,High,Incomplete (missing responses),Medium/Low
US,099_unibath_26.txt,2,4,0,6,High,Medium/Low,Incomplete (missing responses),Medium/Low
US,024_Restaurant_Management_System_199.txt,0,4,0,6,High,Medium/Low,Incomplete (missing responses),Medium/Low
US,093_rdadmp_14.txt,4,10,0,12,Medium/Low,Medium/Low,Incomplete (missing responses),Medium/Low
US,052_cask_32.txt,0,12,0,14,Medium/Low,Medium/Low,Incomplete (missing responses),Medium/Low
US,076_mis_53.txt,4,10,0,12,Medium/Low,High,Incomplete (missing responses),Medium/Low
US,043_alfred_39.txt,2,6,0,8,Medium/Low,Medium/Low,Incomplete (missing responses),Medium/Low
US,018_Library_Management_System_85.txt,0,4,0,6,High,Medium/Low,Incomplete (missing responses),Medium/Low
US,085_openspending_46.txt,1,5,0,7,High,Medium/Low,Incomplete (missing responses),Medium/Low
US,095_scrumalliance_47.txt,0,15,0,18,Medium/Low,Medium/Low,Incomplete (missing responses),Medium/Low
US,090_racdam_4.txt,0,6,0,8,Medium/Low,Medium/Low,Incomplete (missing responses),Medium/Low
US,100_zooniverse_27.txt,1,6,0,8,Medium/Low,Medium/Low,Incomplete (missing responses),Medium/Low
US,041_alfred_107.txt,5,12,6,21,Medium/Low,High,Incomplete (missing responses),Medium/Low
US,023_Restaurant_Management_System_189.txt,3,4,0,6,High,High,Incomplete (missing responses),Medium/Low
US,048_badcamp_42.txt,1,6,0,8,Medium/Low,Medium/Low,Incomplete (missing responses),Medium/Low
US,083_openspending_36.txt,0,7,0,9,Medium/Low,Medium/Low,Incomplete (missing responses),Medium/Low
US,096_scrumalliance_60.txt,2,6,0,8,Medium/Low,Medium/Low,Incomplete (missing responses),Medium/Low
US,001_Library_Management_System_106.txt,0,8,0,10,Medium/Low,Medium/Low,Incomplete (missing responses),Medium/Low
US,097_scrumalliance_87.txt,2,9,0,12,Medium/Low,Medium/Low,Incomplete (missing responses),Medium/Low
US,016_Library_Management_System_333.txt,0,10,0,12,Medium/Low,Medium/Low,Incomplete (missing responses),Medium/Low
US,051_cask_20.txt,1,5,0,7,High,Medium/Low,Incomplete (missing responses),Medium/Low
US,032_Restaurant_Management_System_304.txt,1,3,0,5,High,Medium/Low,Incomplete (missing responses),Medium/Low
US,028_Restaurant_Management_System_282.txt,2,6,0,8,Medium/Low,High,Incomplete (missing responses),Medium/Low
US,050_badcamp_65.txt,3,4,0,6,High,High,Incomplete (missing responses),Medium/Low
US,007_Library_Management_System_181.txt,4,6,0,8,Medium/Low,High,Incomplete (missing responses),Medium/Low
US,045_alfred_72.txt,2,6,0,8,Medium/Low,Medium/Low,Incomplete (missing responses),Medium/Low
US,013_Library_Management_System_308.txt,2,8,0,10,Medium/Low,Medium/Low,Incomplete (missing responses),Medium/Low
US,020_Restaurant_Management_System_136.txt,3,8,0,10,Medium/Low,Medium/Low,Incomplete (missing responses),Medium/Low
US,029_Restaurant_Management_System_287.txt,0,4,0,6,High,Medium/Low,Incomplete (missing responses),Medium/Low
US,014_Library_Management_System_312.txt,2,8,0,10,Medium/Low,Medium/Low,Incomplete (missing responses),Medium/Low
US,015_Library_Management_System_318.txt,1,6,0,8,Medium/Low,Medium/Low,Incomplete (missing responses),Medium/Low
US,084_openspending_37.txt,1,10,0,12,Medium/Low,Medium/Low,Incomplete (missing responses),Medium/Low
US,035_Restaurant_Management_System_319.txt,2,4,0,6,High,High,Incomplete (missing responses),Medium/Low
US,021_Restaurant_Management_System_161.txt,3,6,0,8,Medium/Low,Medium/Low,Incomplete (missing responses),Medium/Low
US,088_planningpoker_2.txt,3,8,0,10,Medium/Low,Medium/Low,Incomplete (missing responses),Medium/Low
US,077_mis_65.txt,4,12,0,14,Medium/Low,High,Incomplete (missing responses),Medium/Low
US,055_cask_9.txt,1,7,1,11,Medium/Low,Medium/Low,Incomplete (missing responses),Medium/Low
US,079_neurohub_20.txt,3,4,0,6,High,High,Incomplete (missing responses),Medium/Low
US,073_mis_11.txt,4,7,0,9,Medium/Low,High,Incomplete (missing responses),Medium/Low
US,092_racdam_71.txt,2,4,0,6,High,Medium/Low,Incomplete (missing responses),Medium/Low
US,078_neurohub_101.txt,0,12,0,14,Medium/Low,Medium/Low,Incomplete (missing responses),Medium/Low
US,006_Library_Management_System_172.txt,2,11,0,14,Medium/Low,Medium/Low,Incomplete (missing responses),Medium/Low
US,062_datahub_57.txt,3,7,0,9,Medium/Low,Medium/Low,Incomplete (missing responses),Medium/Low
US,011_Library_Management_System_291.txt,3,5,0,7,High,Medium/Low,Incomplete (missing responses),Medium/Low
US,046_alfred_89.txt,2,7,0,9,Medium/Low,Medium/Low,Incomplete (missing responses),Medium/Low
US,063_duraspace_27.txt,0,10,0,13,Medium/Low,Medium/Low,Incomplete (missing responses),Medium/Low
US,037_Restaurant_Management_System_339.txt,1,4,0,6,High,Medium/Low,Incomplete (missing responses),Medium/Low
US,010_Library_Management_System_289.txt,3,9,0,12,Medium/Low,Medium/Low,Incomplete (missing responses),Medium/Low
US,056_culrepo_19.txt,0,10,0,12,Medium/Low,Medium/Low,Incomplete (missing responses),Medium/Low
US,057_culrepo_22.txt,0,4,0,6,High,Medium/Low,Incomplete (missing responses),Medium/Low
US,025_Restaurant_Management_System_201.txt,0,4,0,6,High,Medium/Low,Incomplete (missing responses),Medium/Low
US,087_planningpoker_18.txt,4,8,0,10,Medium/Low,High,Incomplete (missing responses),Medium/Low
US,058_culrepo_3.txt,0,9,0,12,Medium/Low,Medium/Low,Incomplete (missing responses),Medium/Low
US,002_Library_Management_System_113.txt,3,4,0,6,High,High,Incomplete (missing responses),Medium/Low
US,075_mis_30.txt,0,14,0,16,Medium/Low,Medium/Low,Incomplete (missing responses),Medium/Low
US,094_rdadmp_43.txt,2,12,0,14,Medium/Low,Medium/Low,Incomplete (missing responses),Medium/Low
US,033_Restaurant_Management_System_31.txt,1,8,0,10,Medium/Low,Medium/Low,Incomplete (missing responses),Medium/Low
US,074_mis_27.txt,4,17,0,19,Medium/Low,Medium/Low,Incomplete (missing responses),Medium/Low
US,038_Restaurant_Management_System_340.txt,3,18,0,20,Medium/Low,Medium/Low,Incomplete (missing responses),Medium/Low
US,040_alfred_106.txt,1,4,0,6,High,Medium/Low,Incomplete (missing responses),Medium/Low
US,070_frictionless_18.txt,3,8,0,10,Medium/Low,Medium/Low,Incomplete (missing responses),Medium/Low
US,082_openspending_14.txt,1,12,0,15,Medium/Low,Medium/Low,Incomplete (missing responses),Medium/Low
US T5,091_racdam_7.txt,1,8,0,10,Medium/Low,Medium/Low,Incomplete (missing responses),Medium/Low
US T5,042_alfred_113.txt,3,9,0,11,Medium/Low,High,Incomplete (missing responses),Medium/Low
US T5,061_datahub_53.txt,4,12,0,14,Medium/Low,High,Incomplete (missing responses),Medium/Low
US T5,008_Library_Management_System_220.txt,1,3,0,5,High,Medium/Low,Incomplete (missing responses),Medium/Low
US T5,072_frictionless_32.txt,4,6,0,8,Medium/Low,High,Incomplete (missing responses),Medium/Low
US T5,086_openspending_49.txt,1,4,0,6,High,Medium/Low,Incomplete (missing responses),Medium/Low
US T5,067_federalspending_15.txt,2,9,0,11,Medium/Low,Medium/Low,Incomplete (missing responses),Medium/Low
US T5,089_planningpoker_7.txt,3,8,0,10,Medium/Low,High,Incomplete (missing responses),Medium/Low
US T5,053_cask_33.txt,4,6,0,8,Medium/Low,Medium/Low,Incomplete (missing responses),Medium/Low
US T5,039_Restaurant_Management_System_73.txt,1,4,0,6,High,Medium/Low,Incomplete (missing responses),Medium/Low
US T5,066_duraspace_72.txt,0,16,0,18,Medium/Low,Medium/Low,Incomplete (missing responses),Medium/Low
US T5,027_Restaurant_Management_System_227.txt,2,5,0,7,High,Medium/Low,Incomplete (missing responses),Medium/Low
US T5,098_unibath_1.txt,1,27,0,30,Medium/Low,Medium/Low,Incomplete (missing responses),Medium/Low
US T5,022_Restaurant_Management_System_178.txt,1,4,0,6,High,Medium/Low,Incomplete (missing responses),Medium/Low
US T5,030_Restaurant_Management_System_290.txt,0,6,0,8,Medium/Low,Medium/Low,Incomplete (missing responses),Medium/Low
US T5,081_openspending_12.txt,0,7,0,9,Medium/Low,Medium/Low,Incomplete (missing responses),Medium/Low
US T5,034_Restaurant_Management_System_317.txt,2,5,0,7,High,Medium/Low,Incomplete (missing responses),Medium/Low
US T5,049_badcamp_6.txt,2,12,0,14,Medium/Low,Medium/Low,Incomplete (missing responses),Medium/Low
US T5,019_Library_Management_System_94.txt,1,2,0,4,High,Medium/Low,Incomplete (missing responses),Medium/Low
US T5,059_culrepo_70.txt,0,8,0,10,Medium/Low,Medium/Low,Incomplete (missing responses),Medium/Low
US T5,031_Restaurant_Management_System_300.txt,2,4,0,6,High,Medium/Low,Incomplete (missing responses),Medium/Low
US T5,012_Library_Management_System_298.txt,1,4,0,6,High,Medium/Low,Incomplete (missing responses),Medium/Low
US T5,047_archivesspace_47.txt,1,9,0,11,Medium/Low,Medium/Low,Incomplete (missing responses),Medium/Low
US T5,060_culrepo_91.txt,2,6,0,8,Medium/Low,Medium/Low,Incomplete (missing responses),Medium/Low
US T5,071_frictionless_2.txt,1,5,0,7,High,Medium/Low,Incomplete (missing responses),Medium/Low
US T5,044_alfred_58.txt,4,4,0,6,High,Medium/Low,Incomplete (missing responses),Medium/Low
US T5,036_Restaurant_Management_System_323.txt,1,7,0,10,Medium/Low,Medium/Low,Incomplete (missing responses),Medium/Low
US T5,065_duraspace_68.txt,4,6,0,8,Medium/Low,High,Incomplete (missing responses),Medium/Low
US T5,069_federalspending_74.txt,0,4,0,6,High,Medium/Low,Incomplete (missing responses),Medium/Low
US T5,026_Restaurant_Management_System_222.txt,1,5,0,7,High,Medium/Low,Incomplete (missing responses),Medium/Low
US T5,068_federalspending_68.txt,3,6,0,9,Medium/Low,High,Incomplete (missing responses),Medium/Low
US T5,054_cask_42.txt,0,6,0,8,Medium/Low,Medium/Low,Incomplete (missing responses),Medium/Low
US T5,064_duraspace_64.txt,0,11,0,13,Medium/Low,Medium/Low,Incomplete (missing responses),Medium/Low
US T5,005_Library_Management_System_165.txt,4,8,0,10,Medium/Low,High,Incomplete (missing responses),Medium/Low
US T5,080_neurohub_9.txt,2,8,0,10,Medium/Low,Medium/Low,Incomplete (missing responses),Medium/Low
US T5,009_Library_Management_System_229.txt,1,6,0,8,Medium/Low,Medium/Low,Incomplete (missing responses),Medium/Low
US T5,017_Library_Management_System_357.txt,2,4,0,6,High,High,Incomplete (missing responses),Medium/Low
US T5,004_Library_Management_System_119.txt,1,12,0,14,Medium/Low,Medium/Low,Incomplete (missing responses),Medium/Low
US T5,003_Library_Management_System_115.txt,0,11,0,13,Medium/Low,Medium/Low,Incomplete (missing responses),Medium/Low
US T5,099_unibath_26.txt,2,4,0,6,High,Medium/Low,Incomplete (missing responses),Medium/Low
US T5,024_Restaurant_Management_System_199.txt,0,6,0,8,Medium/Low,Medium/Low,Incomplete (missing responses),Medium/Low
US T5,093_rdadmp_14.txt,2,6,0,8,Medium/Low,Medium/Low,Incomplete (missing responses),Medium/Low
US T5,052_cask_32.txt,0,7,0,9,Medium/Low,Medium/Low,Incomplete (missing responses),Medium/Low
US T5,076_mis_53.txt,2,3,0,6,High,High,Incomplete (missing responses),Medium/Low
US T5,043_alfred_39.txt,3,8,0,10,Medium/Low,High,Incomplete (missing responses),Medium/Low
US T5,018_Library_Management_System_85.txt,0,8,0,10,Medium/Low,Medium/Low,Incomplete (missing responses),Medium/Low
US T5,085_openspending_46.txt,0,0,0,2,High,High,High,Medium/Low
US T5,095_scrumalliance_47.txt,0,8,0,10,Medium/Low,Medium/Low,Incomplete (missing responses),Medium/Low
US T5,090_racdam_4.txt,3,4,0,6,High,High,Incomplete (missing responses),Medium/Low
US T5,100_zooniverse_27.txt,0,7,0,9,Medium/Low,Medium/Low,Incomplete (missing responses),Medium/Low
US T5,041_alfred_107.txt,2,3,0,6,High,High,Incomplete (missing responses),Medium/Low
US T5,023_Restaurant_Management_System_189.txt,2,2,0,4,High,High,Incomplete (missing responses),Medium/Low
US T5,048_badcamp_42.txt,3,4,0,6,High,High,Incomplete (missing responses),Medium/Low
US T5,083_openspending_36.txt,1,4,0,6,High,Medium/Low,Incomplete (missing responses),Medium/Low
US T5,096_scrumalliance_60.txt,2,4,0,6,High,Medium/Low,Incomplete (missing responses),Medium/Low
US T5,001_Library_Management_System_106.txt,3,8,0,10,Medium/Low,High,Incomplete (missing responses),Medium/Low
US T5,097_scrumalliance_87.txt,0,8,0,10,Medium/Low,Medium/Low,Incomplete (missing responses),Medium/Low
US T5,016_Library_Management_System_333.txt,3,8,0,10,Medium/Low,Medium/Low,Incomplete (missing responses),Medium/Low
US T5,051_cask_20.txt,2,5,0,7,High,Medium/Low,Incomplete (missing responses),Medium/Low
US T5,032_Restaurant_Management_System_304.txt,0,4,0,6,High,Medium/Low,Incomplete (missing responses),Medium/Low
US T5,028_Restaurant_Management_System_282.txt,3,4,0,6,High,High,Incomplete (missing responses),Medium/Low
US T5,050_badcamp_65.txt,3,4,0,6,High,High,Incomplete (missing responses),Medium/Low
US T5,007_Library_Management_System_181.txt,0,12,0,14,Medium/Low,Medium/Low,Incomplete (missing responses),Medium/Low
US T5,045_alfred_72.txt,0,8,0,10,Medium/Low,Medium/Low,Incomplete (missing responses),Medium/Low
US T5,013_Library_Management_System_308.txt,2,4,0,6,High,Medium/Low,Incomplete (missing responses),Medium/Low
US T5,020_Restaurant_Management_System_136.txt,3,7,0,9,Medium/Low,High,Incomplete (missing responses),Medium/Low
US T5,029_Restaurant_Management_System_287.txt,2,4,0,6,High,Medium/Low,Incomplete (missing responses),Medium/Low
US T5,014_Library_Management_System_312.txt,2,9,0,12,Medium/Low,Medium/Low,Incomplete (missing responses),Medium/Low
US T5,015_Library_Management_System_318.txt,2,4,0,6,High,Medium/Low,Incomplete (missing responses),Medium/Low
US T5,084_openspending_37.txt,2,6,0,8,Medium/Low,Medium/Low,Incomplete (missing responses),Medium/Low
US T5,035_Restaurant_Management_System_319.txt,1,2,0,4,High,Medium/Low,Incomplete (missing responses),Medium/Low
US T5,021_Restaurant_Management_System_161.txt,0,7,0,9,Medium/Low,Medium/Low,Incomplete (missing responses),Medium/Low
US T5,088_planningpoker_2.txt,2,4,0,6,High,Medium/Low,Incomplete (missing responses),Medium/Low
US T5,077_mis_65.txt,3,12,0,14,Medium/Low,Medium/Low,Incomplete (missing responses),Medium/Low
US T5,055_cask_9.txt,0,8,0,10,Medium/Low,Medium/Low,Incomplete (missing responses),Medium/Low
US T5,079_neurohub_20.txt,0,6,0,8,Medium/Low,Medium/Low,Incomplete (missing responses),Medium/Low
US T5,073_mis_11.txt,0,5,0,7,High,Medium/Low,Incomplete (missing responses),Medium/Low
US T5,092_racdam_71.txt,0,6,0,8,Medium/Low,Medium/Low,Incomplete (missing responses),Medium/Low
US T5,078_neurohub_101.txt,2,14,0,16,Medium/Low,Medium/Low,Incomplete (missing responses),Medium/Low
US T5,006_Library_Management_System_172.txt,1,7,0,10,Medium/Low,Medium/Low,Incomplete (missing responses),Medium/Low
US T5,062_datahub_57.txt,3,14,0,16,Medium/Low,High,Incomplete (missing responses),Medium/Low
US T5,011_Library_Management_System_291.txt,2,4,0,6,High,Medium/Low,Incomplete (missing responses),Medium/Low
US T5,046_alfred_89.txt,3,14,0,16,Medium/Low,High,Incomplete (missing responses),Medium/Low
US T5,063_duraspace_27.txt,2,5,0,7,High,Medium/Low,Incomplete (missing responses),Medium/Low
US T5,037_Restaurant_Management_System_339.txt,1,14,0,17,Medium/Low,Medium/Low,Incomplete (missing responses),Medium/Low
US T5,010_Library_Management_System_289.txt,2,4,0,6,High,Medium/Low,Incomplete (missing responses),Medium/Low
US T5,056_culrepo_19.txt,0,10,0,12,Medium/Low,Medium/Low,Incomplete (missing responses),Medium/Low
US T5,057_culrepo_22.txt,0,8,0,10,Medium/Low,Medium/Low,Incomplete (missing responses),Medium/Low
US T5,025_Restaurant_Management_System_201.txt,0,8,0,10,Medium/Low,Medium/Low,Incomplete (missing responses),Medium/Low
US T5,087_planningpoker_18.txt,2,6,0,8,Medium/Low,High,Incomplete (missing responses),Medium/Low
US T5,058_culrepo_3.txt,0,8,0,11,Medium/Low,Medium/Low,Incomplete (missing responses),Medium/Low
US T5,002_Library_Management_System_113.txt,2,6,0,8,Medium/Low,Medium/Low,Incomplete (missing responses),Medium/Low
US T5,075_mis_30.txt,2,2,0,4,High,High,Incomplete (missing responses),Medium/Low
US T5,094_rdadmp_43.txt,0,11,0,13,Medium/Low,Medium/Low,Incomplete (missing responses),Medium/Low
US T5,033_Restaurant_Management_System_31.txt,4,8,0,10,Medium/Low,High,Incomplete (missing responses),Medium/Low
US T5,074_mis_27.txt,2,12,0,14,Medium/Low,Medium/Low,Incomplete (missing responses),Medium/Low
US T5,038_Restaurant_Management_System_340.txt,1,10,0,12,Medium/Low,Medium/Low,Incomplete (missing responses),Medium/Low
US T5,040_alfred_106.txt,2,3,0,6,High,High,Incomplete (missing responses),Medium/Low
US T5,070_frictionless_18.txt,1,2,0,4,High,Medium/Low,Incomplete (missing responses),Medium/Low
US T5,082_openspending_14.txt,0,8,0,10,Medium/Low,Medium/Low,Incomplete (missing responses),Medium/Low
US BERTSUM,091_racdam_7.txt,0,10,0,12,Medium/Low,Medium/Low,Incomplete (missing responses),Medium/Low
US BERTSUM,042_alfred_113.txt,0,6,0,8,Medium/Low,Medium/Low,Incomplete (missing responses),Medium/Low
US BERTSUM,061_datahub_53.txt,0,10,0,12,Medium/Low,Medium/Low,Incomplete (missing responses),Medium/Low
US BERTSUM,008_Library_Management_System_220.txt,3,5,0,7,High,High,Incomplete (missing responses),Medium/Low
US BERTSUM,072_frictionless_32.txt,0,0,0,2,High,High,High,Medium/Low
US BERTSUM,086_openspending_49.txt,3,7,0,9,Medium/Low,Medium/Low,Incomplete (missing responses),Medium/Low
US BERTSUM,067_federalspending_15.txt,3,5,0,7,High,Medium/Low,Incomplete (missing responses),Medium/Low
US BERTSUM,089_planningpoker_7.txt,0,8,0,10,Medium/Low,Medium/Low,Incomplete (missing responses),Medium/Low
US BERTSUM,053_cask_33.txt,0,10,0,12,Medium/Low,Medium/Low,Incomplete (missing responses),Medium/Low
US BERTSUM,039_Restaurant_Management_System_73.txt,3,4,0,6,High,High,Incomplete (missing responses),Medium/Low
US BERTSUM,066_duraspace_72.txt,3,8,0,10,Medium/Low,Medium/Low,Incomplete (missing responses),Medium/Low
US BERTSUM,027_Restaurant_Management_System_227.txt,0,5,0,7,High,Medium/Low,Incomplete (missing responses),Medium/Low
US BERTSUM,098_unibath_1.txt,3,32,1,36,Medium/Low,Medium/Low,Incomplete (missing responses),Medium/Low
US BERTSUM,022_Restaurant_Management_System_178.txt,2,8,0,10,Medium/Low,Medium/Low,Incomplete (missing responses),Medium/Low
US BERTSUM,030_Restaurant_Management_System_290.txt,0,3,0,5,High,Medium/Low,Incomplete (missing responses),Medium/Low
US BERTSUM,081_openspending_12.txt,4,14,0,16,Medium/Low,Medium/Low,Incomplete (missing responses),Medium/Low
US BERTSUM,034_Restaurant_Management_System_317.txt,1,6,0,8,Medium/Low,Medium/Low,Incomplete (missing responses),Medium/Low
US BERTSUM,049_badcamp_6.txt,0,7,0,10,Medium/Low,Medium/Low,Incomplete (missing responses),Medium/Low
US BERTSUM,019_Library_Management_System_94.txt,0,6,0,8,Medium/Low,Medium/Low,Incomplete (missing responses),Medium/Low
US BERTSUM,059_culrepo_70.txt,0,10,0,12,Medium/Low,Medium/Low,Incomplete (missing responses),Medium/Low
US BERTSUM,031_Restaurant_Management_System_300.txt,0,4,0,6,High,Medium/Low,Incomplete (missing responses),Medium/Low
US BERTSUM,012_Library_Management_System_298.txt,1,4,0,6,High,Medium/Low,Incomplete (missing responses),Medium/Low
US BERTSUM,047_archivesspace_47.txt,1,12,0,14,Medium/Low,Medium/Low,Incomplete (missing responses),Medium/Low
US BERTSUM,060_culrepo_91.txt,2,4,0,6,High,Medium/Low,Incomplete (missing responses),Medium/Low
US BERTSUM,071_frictionless_2.txt,0,6,0,8,Medium/Low,Medium/Low,Incomplete (missing responses),Medium/Low
US BERTSUM,044_alfred_58.txt,2,5,0,7,High,Medium/Low,Incomplete (missing responses),Medium/Low
US BERTSUM,036_Restaurant_Management_System_323.txt,1,7,0,10,Medium/Low,Medium/Low,Incomplete (missing responses),Medium/Low
US BERTSUM,065_duraspace_68.txt,4,7,0,9,Medium/Low,High,Incomplete (missing responses),Medium/Low
US BERTSUM,069_federalspending_74.txt,4,8,0,10,Medium/Low,Medium/Low,Incomplete (missing responses),Medium/Low
US BERTSUM,026_Restaurant_Management_System_222.txt,0,6,0,8,Medium/Low,Medium/Low,Incomplete (missing responses),Medium/Low
US BERTSUM,068_federalspending_68.txt,0,7,0,10,Medium/Low,Medium/Low,Incomplete (missing responses),Medium/Low
US BERTSUM,054_cask_42.txt,0,0,0,2,High,High,High,Medium/Low
US BERTSUM,064_duraspace_64.txt,1,6,0,8,Medium/Low,Medium/Low,Incomplete (missing responses),Medium/Low
US BERTSUM,005_Library_Management_System_165.txt,0,6,0,8,Medium/Low,Medium/Low,Incomplete (missing responses),Medium/Low
US BERTSUM,080_neurohub_9.txt,2,10,0,12,Medium/Low,Medium/Low,Incomplete (missing responses),Medium/Low
US BERTSUM,009_Library_Management_System_229.txt,3,4,0,6,High,High,Incomplete (missing responses),Medium/Low
US BERTSUM,017_Library_Management_System_357.txt,0,4,0,6,High,Medium/Low,Incomplete (missing responses),Medium/Low
US BERTSUM,004_Library_Management_System_119.txt,0,13,0,15,Medium/Low,Medium/Low,Incomplete (missing responses),Medium/Low
US BERTSUM,003_Library_Management_System_115.txt,0,4,0,6,High,Medium/Low,Incomplete (missing responses),Medium/Low
US BERTSUM,099_unibath_26.txt,1,4,0,6,High,Medium/Low,Incomplete (missing responses),Medium/Low
US BERTSUM,024_Restaurant_Management_System_199.txt,2,4,0,6,High,Medium/Low,Incomplete (missing responses),Medium/Low
US BERTSUM,093_rdadmp_14.txt,3,6,0,8,Medium/Low,Medium/Low,Incomplete (missing responses),Medium/Low
US BERTSUM,052_cask_32.txt,2,7,0,10,Medium/Low,Medium/Low,Incomplete (missing responses),Medium/Low
US BERTSUM,076_mis_53.txt,0,9,0,11,Medium/Low,Medium/Low,Incomplete (missing responses),Medium/Low
US BERTSUM,043_alfred_39.txt,2,8,0,10,Medium/Low,Medium/Low,Incomplete (missing responses),Medium/Low
US BERTSUM,018_Library_Management_System_85.txt,0,23,0,25,Medium/Low,Medium/Low,Incomplete (missing responses),Medium/Low
US BERTSUM,085_openspending_46.txt,1,6,0,8,Medium/Low,Medium/Low,Incomplete (missing responses),Medium/Low
US BERTSUM,095_scrumalliance_47.txt,1,12,0,14,Medium/Low,Medium/Low,Incomplete (missing responses),Medium/Low
US BERTSUM,090_racdam_4.txt,0,8,0,10,Medium/Low,Medium/Low,Incomplete (missing responses),Medium/Low
US BERTSUM,100_zooniverse_27.txt,0,16,0,18,Medium/Low,Medium/Low,Incomplete (missing responses),Medium/Low
US BERTSUM,041_alfred_107.txt,3,14,0,16,Medium/Low,High,Incomplete (missing responses),Medium/Low
US BERTSUM,023_Restaurant_Management_System_189.txt,3,5,0,7,High,Medium/Low,Incomplete (missing responses),Medium/Low
US BERTSUM,048_badcamp_42.txt,1,4,0,6,High,Medium/Low,Incomplete (missing responses),Medium/Low
US BERTSUM,083_openspending_36.txt,3,5,0,7,High,High,Incomplete (missing responses),Medium/Low
US BERTSUM,096_scrumalliance_60.txt,0,3,0,5,High,Medium/Low,Incomplete (missing responses),Medium/Low
US BERTSUM,001_Library_Management_System_106.txt,0,4,0,6,High,Medium/Low,Incomplete (missing responses),Medium/Low
US BERTSUM,097_scrumalliance_87.txt,0,14,0,16,Medium/Low,Medium/Low,Incomplete (missing responses),Medium/Low
US BERTSUM,016_Library_Management_System_333.txt,2,7,0,10,Medium/Low,Medium/Low,Incomplete (missing responses),Medium/Low
US BERTSUM,051_cask_20.txt,1,4,0,6,High,Medium/Low,Incomplete (missing responses),Medium/Low
US BERTSUM,032_Restaurant_Management_System_304.txt,3,4,0,6,High,High,Incomplete (missing responses),Medium/Low
US BERTSUM,028_Restaurant_Management_System_282.txt,1,6,0,8,Medium/Low,Medium/Low,Incomplete (missing responses),Medium/Low
US BERTSUM,050_badcamp_65.txt,0,4,0,6,High,Medium/Low,Incomplete (missing responses),Medium/Low
US BERTSUM,007_Library_Management_System_181.txt,3,8,0,10,Medium/Low,Medium/Low,Incomplete (missing responses),Medium/Low
US BERTSUM,045_alfred_72.txt,2,6,0,8,Medium/Low,Medium/Low,Incomplete (missing responses),Medium/Low
US BERTSUM,013_Library_Management_System_308.txt,0,2,0,4,High,Medium/Low,Incomplete (missing responses),Medium/Low
US BERTSUM,020_Restaurant_Management_System_136.txt,0,11,0,13,Medium/Low,Medium/Low,Incomplete (missing responses),Medium/Low
US BERTSUM,029_Restaurant_Management_System_287.txt,1,4,0,6,High,Medium/Low,Incomplete (missing responses),Medium/Low
US BERTSUM,014_Library_Management_System_312.txt,0,11,0,14,Medium/Low,Medium/Low,Incomplete (missing responses),Medium/Low
US BERTSUM,015_Library_Management_System_318.txt,4,8,0,11,Medium/Low,High,Incomplete (missing responses),Medium/Low
US BERTSUM,084_openspending_37.txt,3,32,1,36,Medium/Low,Medium/Low,Incomplete (missing responses),Medium/Low
US BERTSUM,035_Restaurant_Management_System_319.txt,1,3,0,5,High,Medium/Low,Incomplete (missing responses),Medium/Low
US BERTSUM,021_Restaurant_Management_System_161.txt,2,7,0,10,Medium/Low,Medium/Low,Incomplete (missing responses),Medium/Low
US BERTSUM,088_planningpoker_2.txt,0,10,0,12,Medium/Low,Medium/Low,Incomplete (missing responses),Medium/Low
US BERTSUM,077_mis_65.txt,3,8,0,10,Medium/Low,High,Incomplete (missing responses),Medium/Low
US BERTSUM,055_cask_9.txt,4,6,0,9,Medium/Low,Medium/Low,Incomplete (missing responses),Medium/Low
US BERTSUM,079_neurohub_20.txt,0,9,0,11,Medium/Low,Medium/Low,Incomplete (missing responses),Medium/Low
US BERTSUM,073_mis_11.txt,2,8,0,10,Medium/Low,Medium/Low,Incomplete (missing responses),Medium/Low
US BERTSUM,092_racdam_71.txt,0,4,0,6,High,Medium/Low,Incomplete (missing responses),Medium/Low
US BERTSUM,078_neurohub_101.txt,2,10,0,12,Medium/Low,Medium/Low,Incomplete (missing responses),Medium/Low
US BERTSUM,006_Library_Management_System_172.txt,0,7,0,9,Medium/Low,Medium/Low,Incomplete (missing responses),Medium/Low
US BERTSUM,062_datahub_57.txt,4,8,0,10,Medium/Low,Medium/Low,Incomplete (missing responses),Medium/Low
US BERTSUM,011_Library_Management_System_291.txt,2,4,0,6,High,Medium/Low,Incomplete (missing responses),Medium/Low
US BERTSUM,046_alfred_89.txt,4,8,0,10,Medium/Low,Medium/Low,Incomplete (missing responses),Medium/Low
US BERTSUM,063_duraspace_27.txt,4,8,0,10,Medium/Low,High,Incomplete (missing responses),Medium/Low
US BERTSUM,037_Restaurant_Management_System_339.txt,0,15,0,17,Medium/Low,Medium/Low,Incomplete (missing responses),Medium/Low
US BERTSUM,010_Library_Management_System_289.txt,2,5,0,7,High,Medium/Low,Incomplete (missing responses),Medium/Low
US BERTSUM,056_culrepo_19.txt,0,16,0,18,Medium/Low,Medium/Low,Incomplete (missing responses),Medium/Low
US BERTSUM,057_culrepo_22.txt,0,4,0,6,High,Medium/Low,Incomplete (missing responses),Medium/Low
US BERTSUM,025_Restaurant_Management_System_201.txt,3,4,0,6,High,High,Incomplete (missing responses),Medium/Low
US BERTSUM,087_planningpoker_18.txt,4,7,0,9,Medium/Low,High,Incomplete (missing responses),Medium/Low
US BERTSUM,058_culrepo_3.txt,4,14,0,16,Medium/Low,Medium/Low,Incomplete (missing responses),Medium/Low
US BERTSUM,002_Library_Management_System_113.txt,0,4,0,6,High,Medium/Low,Incomplete (missing responses),Medium/Low
US BERTSUM,075_mis_30.txt,2,6,0,8,Medium/Low,Medium/Low,Incomplete (missing responses),Medium/Low
US BERTSUM,094_rdadmp_43.txt,1,3,0,5,High,Medium/Low,Incomplete (missing responses),Medium/Low
US BERTSUM,033_Restaurant_Management_System_31.txt,3,8,0,10,Medium/Low,High,Incomplete (missing responses),Medium/Low
US BERTSUM,074_mis_27.txt,0,12,0,14,Medium/Low,Medium/Low,Incomplete (missing responses),Medium/Low
US BERTSUM,038_Restaurant_Management_System_340.txt,1,4,0,6,High,Medium/Low,Incomplete (missing responses),Medium/Low
US BERTSUM,040_alfred_106.txt,3,8,6,17,Medium/Low,Medium/Low,Incomplete (missing responses),Medium/Low
US BERTSUM,070_frictionless_18.txt,2,4,0,6,High,Medium/Low,Incomplete (missing responses),Medium/Low
US BERTSUM,082_openspending_14.txt,0,10,0,12,Medium/Low,Medium/Low,Incomplete (missing responses),Medium/Low
